ccaa.codigo.iso;obs_date;confirmed;hospitalized;uci;death;recovered;ccaa.name;perc_exit;confirmedrecovered;confirmed_estimated
AN;2020-02-20;NA;NA;NA;NA;NA;Andalucia;NA;NA;NA
AR;2020-02-20;NA;NA;NA;NA;NA;Aragón;NA;NA;NA
AS;2020-02-20;NA;NA;NA;NA;NA;Asturias;NA;NA;NA
IB;2020-02-20;    1;NA;NA;NA;NA;Islas Baleares;NA;NA;NA
CN;2020-02-20;    1;NA;NA;NA;NA;Canarias;NA;NA;NA
CB;2020-02-20;NA;NA;NA;NA;NA;Cantabria;NA;NA;NA
CM;2020-02-20;NA;NA;NA;NA;NA;Castilla la Mancha;NA;NA;NA
CL;2020-02-20;    0;NA;NA;NA;NA;Castilla y León;NA;NA;NA
CT;2020-02-20;NA;NA;NA;NA;NA;Cataluña;NA;NA;NA
CE;2020-02-20;NA;NA;NA;NA;NA;Ceuta;NA;NA;NA
VC;2020-02-20;NA;   26;   0;NA;NA;Valencia;NA;NA;NA
EX;2020-02-20;NA;NA;NA;NA;NA;Extremadura;NA;NA;NA
GA;2020-02-20;NA;NA;NA;NA;NA;Galicia;NA;NA;NA
MD;2020-02-20;NA;NA;NA;NA;NA;Madrid;NA;NA;NA
MC;2020-02-20;NA;NA;NA;NA;NA;Murcia;NA;NA;NA
NC;2020-02-20;NA;NA;NA;NA;NA;Navarra;NA;NA;NA
PV;2020-02-20;NA;NA;NA;NA;NA;País Vasco;NA;NA;NA
RI;2020-02-20;NA;NA;NA;NA;NA;La Rioja;NA;NA;NA
AN;2020-02-21;NA;NA;NA;NA;NA;Andalucia;NA;NA;NA
AR;2020-02-21;NA;NA;NA;NA;NA;Aragón;NA;NA;NA
AS;2020-02-21;NA;NA;NA;NA;NA;Asturias;NA;NA;NA
IB;2020-02-21;    1;NA;NA;NA;NA;Islas Baleares;NA;NA;NA
CN;2020-02-21;    1;NA;NA;NA;NA;Canarias;NA;NA;NA
CB;2020-02-21;NA;NA;NA;NA;NA;Cantabria;NA;NA;NA
CM;2020-02-21;NA;NA;NA;NA;NA;Castilla la Mancha;NA;NA;NA
CL;2020-02-21;    0;NA;NA;NA;NA;Castilla y León;NA;NA;NA
CT;2020-02-21;NA;NA;NA;NA;NA;Cataluña;NA;NA;NA
CE;2020-02-21;NA;NA;NA;NA;NA;Ceuta;NA;NA;NA
VC;2020-02-21;NA;   30;   1;NA;NA;Valencia;NA;NA;NA
EX;2020-02-21;NA;NA;NA;NA;NA;Extremadura;NA;NA;NA
GA;2020-02-21;NA;NA;NA;NA;NA;Galicia;NA;NA;NA
MD;2020-02-21;NA;NA;NA;NA;NA;Madrid;NA;NA;NA
MC;2020-02-21;NA;NA;NA;NA;NA;Murcia;NA;NA;NA
NC;2020-02-21;NA;NA;NA;NA;NA;Navarra;NA;NA;NA
PV;2020-02-21;NA;NA;NA;NA;NA;País Vasco;NA;NA;NA
RI;2020-02-21;NA;NA;NA;NA;NA;La Rioja;NA;NA;NA
AN;2020-02-22;NA;NA;NA;NA;NA;Andalucia;NA;NA;NA
AR;2020-02-22;NA;NA;NA;NA;NA;Aragón;NA;NA;NA
AS;2020-02-22;NA;NA;NA;NA;NA;Asturias;NA;NA;NA
IB;2020-02-22;    1;NA;NA;NA;NA;Islas Baleares;NA;NA;NA
CN;2020-02-22;    1;NA;NA;NA;NA;Canarias;NA;NA;NA
CB;2020-02-22;NA;NA;NA;NA;NA;Cantabria;NA;NA;NA
CM;2020-02-22;NA;NA;NA;NA;NA;Castilla la Mancha;NA;NA;NA
CL;2020-02-22;    0;NA;NA;NA;NA;Castilla y León;NA;NA;NA
CT;2020-02-22;NA;NA;NA;NA;NA;Cataluña;NA;NA;NA
CE;2020-02-22;NA;NA;NA;NA;NA;Ceuta;NA;NA;NA
VC;2020-02-22;NA;   33;   1;NA;NA;Valencia;NA;NA;NA
EX;2020-02-22;NA;NA;NA;NA;NA;Extremadura;NA;NA;NA
GA;2020-02-22;NA;NA;NA;NA;NA;Galicia;NA;NA;NA
MD;2020-02-22;NA;NA;NA;NA;NA;Madrid;NA;NA;NA
MC;2020-02-22;NA;NA;NA;NA;NA;Murcia;NA;NA;NA
NC;2020-02-22;NA;NA;NA;NA;NA;Navarra;NA;NA;NA
PV;2020-02-22;NA;NA;NA;NA;NA;País Vasco;NA;NA;NA
RI;2020-02-22;NA;NA;NA;NA;NA;La Rioja;NA;NA;NA
AN;2020-02-23;NA;NA;NA;NA;NA;Andalucia;NA;NA;NA
AR;2020-02-23;NA;NA;NA;NA;NA;Aragón;NA;NA;NA
AS;2020-02-23;NA;NA;NA;NA;NA;Asturias;NA;NA;NA
IB;2020-02-23;    1;NA;NA;NA;NA;Islas Baleares;NA;NA;NA
CN;2020-02-23;    1;NA;NA;NA;NA;Canarias;NA;NA;NA
CB;2020-02-23;NA;NA;NA;NA;NA;Cantabria;NA;NA;NA
CM;2020-02-23;NA;NA;NA;NA;NA;Castilla la Mancha;NA;NA;NA
CL;2020-02-23;    0;NA;NA;NA;NA;Castilla y León;NA;NA;NA
CT;2020-02-23;NA;NA;NA;NA;NA;Cataluña;NA;NA;NA
CE;2020-02-23;NA;NA;NA;NA;NA;Ceuta;NA;NA;NA
VC;2020-02-23;NA;   38;   2;NA;NA;Valencia;NA;NA;NA
EX;2020-02-23;NA;NA;NA;NA;NA;Extremadura;NA;NA;NA
GA;2020-02-23;NA;NA;NA;NA;NA;Galicia;NA;NA;NA
MD;2020-02-23;NA;NA;NA;NA;NA;Madrid;NA;NA;NA
MC;2020-02-23;NA;NA;NA;NA;NA;Murcia;NA;NA;NA
NC;2020-02-23;NA;NA;NA;NA;NA;Navarra;NA;NA;NA
PV;2020-02-23;NA;NA;NA;NA;NA;País Vasco;NA;NA;NA
RI;2020-02-23;NA;NA;NA;NA;NA;La Rioja;NA;NA;NA
AN;2020-02-24;NA;NA;NA;NA;NA;Andalucia;NA;NA;NA
AR;2020-02-24;NA;NA;NA;NA;NA;Aragón;NA;NA;NA
AS;2020-02-24;NA;NA;NA;NA;NA;Asturias;NA;NA;NA
IB;2020-02-24;    1;NA;NA;NA;NA;Islas Baleares;NA;NA;NA
CN;2020-02-24;    2;NA;NA;NA;NA;Canarias;NA;NA;NA
CB;2020-02-24;NA;NA;NA;NA;NA;Cantabria;NA;NA;NA
CM;2020-02-24;NA;NA;NA;NA;NA;Castilla la Mancha;NA;NA;NA
CL;2020-02-24;    0;NA;NA;NA;NA;Castilla y León;NA;NA;NA
CT;2020-02-24;NA;NA;NA;NA;NA;Cataluña;NA;NA;NA
CE;2020-02-24;NA;NA;NA;NA;NA;Ceuta;NA;NA;NA
VC;2020-02-24;NA;   49;   2;NA;NA;Valencia;NA;NA;NA
EX;2020-02-24;NA;NA;NA;NA;NA;Extremadura;NA;NA;NA
GA;2020-02-24;NA;NA;NA;NA;NA;Galicia;NA;NA;NA
MD;2020-02-24;NA;NA;NA;NA;NA;Madrid;NA;NA;NA
MC;2020-02-24;NA;NA;NA;NA;NA;Murcia;NA;NA;NA
NC;2020-02-24;NA;NA;NA;NA;NA;Navarra;NA;NA;NA
PV;2020-02-24;NA;NA;NA;NA;NA;País Vasco;NA;NA;NA
RI;2020-02-24;NA;NA;NA;NA;NA;La Rioja;NA;NA;NA
AN;2020-02-25;NA;NA;NA;NA;NA;Andalucia;NA;NA;NA
AR;2020-02-25;NA;NA;NA;NA;NA;Aragón;NA;NA;NA
AS;2020-02-25;NA;NA;NA;NA;NA;Asturias;NA;NA;NA
IB;2020-02-25;    1;NA;NA;NA;NA;Islas Baleares;NA;NA;NA
CN;2020-02-25;    5;NA;NA;NA;NA;Canarias;NA;NA;NA
CB;2020-02-25;NA;NA;NA;NA;NA;Cantabria;NA;NA;NA
CM;2020-02-25;NA;NA;NA;NA;NA;Castilla la Mancha;NA;NA;NA
CL;2020-02-25;    0;NA;NA;NA;NA;Castilla y León;NA;NA;NA
CT;2020-02-25;    1;NA;NA;NA;NA;Cataluña;NA;NA;NA
CE;2020-02-25;NA;NA;NA;NA;NA;Ceuta;NA;NA;NA
VC;2020-02-25;    1;   58;   2;NA;NA;Valencia;NA;NA;NA
EX;2020-02-25;NA;NA;NA;NA;NA;Extremadura;NA;NA;NA
GA;2020-02-25;NA;NA;NA;NA;NA;Galicia;NA;NA;NA
MD;2020-02-25;    2;NA;NA;NA;NA;Madrid;NA;NA;NA
MC;2020-02-25;NA;NA;NA;NA;NA;Murcia;NA;NA;NA
NC;2020-02-25;NA;NA;NA;NA;NA;Navarra;NA;NA;NA
PV;2020-02-25;NA;NA;NA;NA;NA;País Vasco;NA;NA;NA
RI;2020-02-25;NA;NA;NA;NA;NA;La Rioja;NA;NA;NA
AN;2020-02-26;    1;NA;NA;NA;NA;Andalucia;NA;NA;NA
AR;2020-02-26;NA;NA;NA;NA;NA;Aragón;NA;NA;NA
AS;2020-02-26;NA;NA;NA;NA;NA;Asturias;NA;NA;NA
IB;2020-02-26;    1;NA;NA;NA;NA;Islas Baleares;NA;NA;NA
CN;2020-02-26;    6;NA;NA;NA;NA;Canarias;NA;NA;NA
CB;2020-02-26;NA;NA;NA;NA;NA;Cantabria;NA;NA;NA
CM;2020-02-26;NA;NA;NA;NA;NA;Castilla la Mancha;NA;NA;NA
CL;2020-02-26;    0;NA;NA;NA;NA;Castilla y León;NA;NA;NA
CT;2020-02-26;    2;NA;NA;NA;NA;Cataluña;NA;NA;NA
CE;2020-02-26;NA;NA;NA;NA;NA;Ceuta;NA;NA;NA
VC;2020-02-26;    2;   63;   3;NA;NA;Valencia;NA;NA;NA
EX;2020-02-26;NA;NA;NA;NA;NA;Extremadura;NA;NA;NA
GA;2020-02-26;NA;NA;NA;NA;NA;Galicia;NA;NA;NA
MD;2020-02-26;    4;NA;NA;NA;NA;Madrid;NA;NA;NA
MC;2020-02-26;NA;NA;NA;NA;NA;Murcia;NA;NA;NA
NC;2020-02-26;NA;NA;NA;NA;NA;Navarra;NA;NA;NA
PV;2020-02-26;NA;NA;NA;NA;NA;País Vasco;NA;NA;NA
RI;2020-02-26;NA;NA;NA;NA;NA;La Rioja;NA;NA;NA
AN;2020-02-27;    6;NA;NA;NA;NA;Andalucia;NA;NA;NA
AR;2020-02-27;NA;NA;NA;NA;NA;Aragón;NA;NA;NA
AS;2020-02-27;NA;NA;NA;NA;NA;Asturias;NA;NA;NA
IB;2020-02-27;    1;NA;NA;NA;NA;Islas Baleares;NA;NA;NA
CN;2020-02-27;    6;NA;NA;NA;NA;Canarias;NA;NA;NA
CB;2020-02-27;NA;NA;NA;NA;NA;Cantabria;NA;NA;NA
CM;2020-02-27;NA;NA;NA;NA;NA;Castilla la Mancha;NA;NA;NA
CL;2020-02-27;    0;NA;NA;NA;NA;Castilla y León;NA;NA;NA
CT;2020-02-27;    3;NA;NA;NA;NA;Cataluña;NA;NA;NA
CE;2020-02-27;NA;NA;NA;NA;NA;Ceuta;NA;NA;NA
VC;2020-02-27;    8;   73;   3;NA;NA;Valencia;NA;NA;NA
EX;2020-02-27;NA;NA;NA;NA;NA;Extremadura;NA;NA;NA
GA;2020-02-27;NA;NA;NA;NA;NA;Galicia;NA;NA;NA
MD;2020-02-27;    5;NA;NA;NA;NA;Madrid;NA;NA;NA
MC;2020-02-27;NA;NA;NA;NA;NA;Murcia;NA;NA;NA
NC;2020-02-27;NA;NA;NA;NA;NA;Navarra;NA;NA;NA
PV;2020-02-27;NA;NA;NA;NA;NA;País Vasco;NA;NA;NA
RI;2020-02-27;NA;NA;NA;NA;NA;La Rioja;NA;NA;NA
AN;2020-02-28;    8;NA;NA;NA;NA;Andalucia;NA;NA;NA
AR;2020-02-28;NA;NA;NA;NA;NA;Aragón;NA;NA;NA
AS;2020-02-28;NA;NA;NA;NA;NA;Asturias;NA;NA;NA
IB;2020-02-28;    2;NA;NA;NA;NA;Islas Baleares;NA;NA;NA
CN;2020-02-28;    6;NA;NA;NA;NA;Canarias;NA;NA;NA
CB;2020-02-28;NA;NA;NA;NA;NA;Cantabria;NA;NA;NA
CM;2020-02-28;NA;NA;NA;NA;NA;Castilla la Mancha;NA;NA;NA
CL;2020-02-28;    2;NA;NA;NA;NA;Castilla y León;NA;NA;NA
CT;2020-02-28;    5;NA;NA;NA;NA;Cataluña;NA;NA;NA
CE;2020-02-28;NA;NA;NA;NA;NA;Ceuta;NA;NA;NA
VC;2020-02-28;   10;   78;   3;NA;NA;Valencia;NA;NA;NA
EX;2020-02-28;NA;NA;NA;NA;NA;Extremadura;NA;NA;NA
GA;2020-02-28;NA;NA;NA;NA;NA;Galicia;NA;NA;NA
MD;2020-02-28;    8;NA;NA;NA;NA;Madrid;NA;NA;NA
MC;2020-02-28;NA;NA;NA;NA;NA;Murcia;NA;NA;NA
NC;2020-02-28;NA;NA;NA;NA;NA;Navarra;NA;NA;NA
PV;2020-02-28;    2;NA;NA;NA;NA;País Vasco;NA;NA;NA
RI;2020-02-28;NA;NA;NA;NA;NA;La Rioja;NA;NA;NA
AN;2020-02-29;   12;NA;NA;NA;NA;Andalucia;NA;NA;NA
AR;2020-02-29;NA;NA;NA;NA;NA;Aragón;NA;NA;NA
AS;2020-02-29;    1;NA;NA;NA;NA;Asturias;NA;NA;NA
IB;2020-02-29;    2;NA;NA;NA;NA;Islas Baleares;NA;NA;NA
CN;2020-02-29;    7;NA;NA;NA;NA;Canarias;NA;NA;NA
CB;2020-02-29;    1;NA;NA;NA;NA;Cantabria;NA;NA;NA
CM;2020-02-29;    1;NA;NA;NA;NA;Castilla la Mancha;NA;NA;NA
CL;2020-02-29;    2;NA;NA;NA;NA;Castilla y León;NA;NA;NA
CT;2020-02-29;    6;NA;NA;NA;NA;Cataluña;NA;NA;NA
CE;2020-02-29;NA;NA;NA;NA;NA;Ceuta;NA;NA;NA
VC;2020-02-29;   15;   85;   3;NA;NA;Valencia;NA;NA;NA
EX;2020-02-29;    4;NA;NA;NA;NA;Extremadura;NA;NA;NA
GA;2020-02-29;NA;NA;NA;NA;NA;Galicia;NA;NA;NA
MD;2020-02-29;   10;NA;NA;NA;NA;Madrid;NA;NA;NA
MC;2020-02-29;NA;NA;NA;NA;NA;Murcia;NA;NA;NA
NC;2020-02-29;    1;NA;NA;NA;NA;Navarra;NA;NA;NA
PV;2020-02-29;    3;NA;NA;NA;NA;País Vasco;NA;NA;NA
RI;2020-02-29;NA;NA;NA;NA;NA;La Rioja;NA;NA;NA
AN;2020-03-01;   12;NA;NA;NA;NA;Andalucia;NA;NA;NA
AR;2020-03-01;NA;NA;NA;NA;NA;Aragón;NA;NA;NA
AS;2020-03-01;    1;NA;NA;NA;NA;Asturias;NA;NA;NA
IB;2020-03-01;    2;NA;NA;NA;NA;Islas Baleares;NA;NA;NA
CN;2020-03-01;    7;NA;NA;NA;NA;Canarias;NA;NA;NA
CB;2020-03-01;   10;NA;NA;NA;NA;Cantabria;NA;NA;NA
CM;2020-03-01;    3;NA;NA;NA;NA;Castilla la Mancha;NA;NA;NA
CL;2020-03-01;    2;NA;NA;NA;NA;Castilla y León;NA;NA;NA
CT;2020-03-01;   15;NA;NA;NA;NA;Cataluña;NA;NA;NA
CE;2020-03-01;NA;NA;NA;NA;NA;Ceuta;NA;NA;NA
VC;2020-03-01;   15;   88;   3;NA;NA;Valencia;NA;NA;NA
EX;2020-03-01;    6;NA;NA;NA;NA;Extremadura;NA;NA;NA
GA;2020-03-01;NA;NA;NA;NA;NA;Galicia;NA;NA;NA
MD;2020-03-01;   29;NA;NA;NA;NA;Madrid;NA;NA;NA
MC;2020-03-01;NA;NA;NA;NA;NA;Murcia;NA;NA;NA
NC;2020-03-01;    1;NA;NA;NA;NA;Navarra;NA;NA;NA
PV;2020-03-01;    9;NA;NA;NA;NA;País Vasco;NA;NA;NA
RI;2020-03-01;    1;NA;NA;NA;NA;La Rioja;NA;NA;NA
AN;2020-03-02;   12;NA;NA;NA;NA;Andalucia;NA;NA;NA
AR;2020-03-02;    0;NA;NA;NA;NA;Aragón;NA;NA;NA
AS;2020-03-02;    1;NA;NA;NA;NA;Asturias;NA;NA;NA
IB;2020-03-02;    2;NA;NA;NA;NA;Islas Baleares;NA;NA;NA
CN;2020-03-02;    7;NA;NA;NA;NA;Canarias;NA;NA;NA
CB;2020-03-02;   10;NA;NA;NA;NA;Cantabria;NA;NA;NA
CM;2020-03-02;    7;NA;NA;NA;NA;Castilla la Mancha;NA;NA;NA
CL;2020-03-02;    7;NA;NA;NA;NA;Castilla y León;NA;NA;NA
CT;2020-03-02;   15;NA;NA;NA;NA;Cataluña;NA;NA;NA
CE;2020-03-02;    0;NA;NA;NA;NA;Ceuta;NA;NA;NA
VC;2020-03-02;   15;   93;   3;NA;NA;Valencia;NA;NA;NA
EX;2020-03-02;    6;NA;NA;NA;NA;Extremadura;NA;NA;NA
GA;2020-03-02;    0;NA;NA;NA;NA;Galicia;NA;NA;NA
MD;2020-03-02;   49;NA;NA;NA;NA;Madrid;NA;NA;NA
MC;2020-03-02;    0;NA;NA;NA;NA;Murcia;NA;NA;NA
NC;2020-03-02;    1;NA;NA;NA;NA;Navarra;NA;NA;NA
PV;2020-03-02;   13;NA;NA;NA;NA;País Vasco;NA;NA;NA
RI;2020-03-02;    3;NA;NA;NA;NA;La Rioja;NA;NA;NA
AN;2020-03-03;   12;NA;NA;NA;NA;Andalucia;NA;NA;NA
AR;2020-03-03;    0;NA;NA;NA;NA;Aragón;NA;NA;NA
AS;2020-03-03;    2;NA;NA;NA;NA;Asturias;NA;NA;NA
IB;2020-03-03;    5;NA;NA;NA;NA;Islas Baleares;NA;NA;NA
CN;2020-03-03;    7;NA;NA;NA;NA;Canarias;NA;NA;NA
CB;2020-03-03;   10;NA;NA;NA;NA;Cantabria;NA;NA;NA
CM;2020-03-03;   12;NA;NA;NA;NA;Castilla la Mancha;NA;NA;NA
CL;2020-03-03;    8;NA;NA;NA;NA;Castilla y León;NA;NA;NA
CT;2020-03-03;   15;NA;NA;NA;NA;Cataluña;NA;NA;NA
CE;2020-03-03;    0;NA;NA;NA;NA;Ceuta;NA;NA;NA
VC;2020-03-03;   19;  105;   5;NA;NA;Valencia;NA;NA;NA
EX;2020-03-03;    6;NA;NA;NA;NA;Extremadura;NA;NA;NA
GA;2020-03-03;    1;NA;NA;NA;NA;Galicia;NA;NA;NA
MD;2020-03-03;   70;NA;NA;NA;NA;Madrid;NA;NA;NA
MC;2020-03-03;    0;NA;NA;NA;NA;Murcia;NA;NA;NA
NC;2020-03-03;    3;NA;NA;NA;NA;Navarra;NA;NA;NA
PV;2020-03-03;   17;NA;NA;NA;NA;País Vasco;NA;NA;NA
RI;2020-03-03;    7;NA;NA;NA;NA;La Rioja;NA;NA;NA
AN;2020-03-04;   12;NA;NA;NA;NA;Andalucia;NA;NA;NA
AR;2020-03-04;    1;NA;NA;NA;NA;Aragón;NA;NA;NA
AS;2020-03-04;    5;NA;NA;NA;NA;Asturias;NA;NA;NA
IB;2020-03-04;    6;NA;NA;NA;NA;Islas Baleares;NA;NA;NA
CN;2020-03-04;    8;NA;NA;NA;NA;Canarias;NA;NA;NA
CB;2020-03-04;   10;NA;NA;NA;NA;Cantabria;NA;NA;NA
CM;2020-03-04;   13;NA;NA;NA;NA;Castilla la Mancha;NA;NA;NA
CL;2020-03-04;   12;NA;NA;NA;NA;Castilla y León;NA;NA;NA
CT;2020-03-04;   24;NA;NA;NA;NA;Cataluña;NA;NA;NA
CE;2020-03-04;    0;NA;NA;NA;NA;Ceuta;NA;NA;NA
VC;2020-03-04;   19;  117;   6;NA;NA;Valencia;NA;NA;NA
EX;2020-03-04;    6;NA;NA;NA;NA;Extremadura;NA;NA;NA
GA;2020-03-04;    1;NA;NA;NA;NA;Galicia;NA;NA;NA
MD;2020-03-04;   90;NA;NA;NA;NA;Madrid;NA;NA;NA
MC;2020-03-04;    0;NA;NA;NA;NA;Murcia;NA;NA;NA
NC;2020-03-04;    3;NA;NA;NA;NA;Navarra;NA;NA;NA
PV;2020-03-04;   17;NA;NA;NA;NA;País Vasco;NA;NA;NA
RI;2020-03-04;   11;NA;NA;NA;NA;La Rioja;NA;NA;NA
AN;2020-03-05;   21;NA;NA;NA;NA;Andalucia;NA;NA;NA
AR;2020-03-05;    6;NA;NA;NA;NA;Aragón;NA;NA;NA
AS;2020-03-05;    5;NA;NA;NA;NA;Asturias;NA;NA;NA
IB;2020-03-05;    6;NA;NA;NA;NA;Islas Baleares;NA;NA;NA
CN;2020-03-05;   11;NA;NA;NA;NA;Canarias;NA;NA;NA
CB;2020-03-05;   10;NA;NA;NA;NA;Cantabria;NA;NA;NA
CM;2020-03-05;   15;NA;NA;NA;NA;Castilla la Mancha;NA;NA;NA
CL;2020-03-05;   13;NA;NA;NA;NA;Castilla y León;NA;NA;NA
CT;2020-03-05;   24;NA;NA;NA;NA;Cataluña;NA;NA;NA
CE;2020-03-05;    0;NA;NA;NA;NA;Ceuta;NA;NA;NA
VC;2020-03-05;   30;  130;   8;NA;NA;Valencia;NA;NA;NA
EX;2020-03-05;    6;NA;NA;NA;NA;Extremadura;NA;NA;NA
GA;2020-03-05;    3;NA;NA;NA;NA;Galicia;NA;NA;NA
MD;2020-03-05;  137;NA;NA;NA;NA;Madrid;NA;NA;NA
MC;2020-03-05;    0;NA;NA;NA;NA;Murcia;NA;NA;NA
NC;2020-03-05;    3;NA;NA;NA;NA;Navarra;NA;NA;NA
PV;2020-03-05;   45;NA;NA;NA;NA;País Vasco;NA;NA;NA
RI;2020-03-05;   29;NA;NA;NA;NA;La Rioja;NA;NA;NA
AN;2020-03-06;   27;NA;NA;NA;NA;Andalucia;NA;NA;NA
AR;2020-03-06;   11;NA;NA;NA;NA;Aragón;NA;NA;NA
AS;2020-03-06;    5;NA;NA;NA;NA;Asturias;NA;NA;NA
IB;2020-03-06;    6;NA;NA;NA;NA;Islas Baleares;NA;NA;NA
CN;2020-03-06;   11;NA;NA;NA;NA;Canarias;NA;NA;NA
CB;2020-03-06;   10;NA;NA;NA;NA;Cantabria;NA;NA;NA
CM;2020-03-06;   15;NA;NA;NA;NA;Castilla la Mancha;NA;NA;NA
CL;2020-03-06;   14;NA;NA;NA;NA;Castilla y León;NA;NA;NA
CT;2020-03-06;   24;NA;NA;NA;NA;Cataluña;NA;NA;NA
CE;2020-03-06;    0;NA;NA;NA;NA;Ceuta;NA;NA;NA
VC;2020-03-06;   30;  138;   8;NA;NA;Valencia;NA;NA;NA
EX;2020-03-06;    6;NA;NA;NA;NA;Extremadura;NA;NA;NA
GA;2020-03-06;    3;NA;NA;NA;NA;Galicia;NA;NA;NA
MD;2020-03-06;  137;NA;NA;NA;NA;Madrid;NA;NA;NA
MC;2020-03-06;    0;NA;NA;NA;NA;Murcia;NA;NA;NA
NC;2020-03-06;    3;NA;NA;NA;NA;Navarra;NA;NA;NA
PV;2020-03-06;   45;NA;NA;NA;NA;País Vasco;NA;NA;NA
RI;2020-03-06;   39;NA;NA;NA;NA;La Rioja;NA;NA;NA
AN;2020-03-07;   34;NA;NA;NA;NA;Andalucia;NA;NA;NA
AR;2020-03-07;   11;NA;NA;NA;NA;Aragón;NA;NA;NA
AS;2020-03-07;    7;NA;NA;NA;NA;Asturias;NA;NA;NA
IB;2020-03-07;    8;NA;NA;NA;NA;Islas Baleares;NA;NA;NA
CN;2020-03-07;   17;NA;NA;NA;NA;Canarias;NA;NA;NA
CB;2020-03-07;   12;NA;NA;NA;NA;Cantabria;NA;NA;NA
CM;2020-03-07;   15;NA;NA;NA;NA;Castilla la Mancha;NA;NA;NA
CL;2020-03-07;   21;NA;NA;NA;NA;Castilla y León;NA;NA;NA
CT;2020-03-07;   49;NA;NA;NA;NA;Cataluña;NA;NA;NA
CE;2020-03-07;    0;NA;NA;NA;NA;Ceuta;NA;NA;NA
VC;2020-03-07;   37;  146;   9;NA;NA;Valencia;NA;NA;NA
EX;2020-03-07;    6;NA;NA;NA;NA;Extremadura;NA;NA;NA
GA;2020-03-07;    5;NA;NA;NA;NA;Galicia;NA;NA;NA
MD;2020-03-07;  175;NA;NA;NA;NA;Madrid;NA;NA;NA
MC;2020-03-07;    1;NA;NA;NA;NA;Murcia;NA;NA;NA
NC;2020-03-07;    3;NA;NA;NA;NA;Navarra;NA;NA;NA
PV;2020-03-07;   70;NA;NA;NA;NA;País Vasco;NA;NA;NA
RI;2020-03-07;   55;NA;NA;NA;NA;La Rioja;NA;NA;NA
AN;2020-03-08;   54;NA;   1;   0;   11;Andalucia;  0,000000;   43;     0,00000
AR;2020-03-08;   13;NA;   3;   3;NA;Aragón;NA;NA;   214,28571
AS;2020-03-08;    7;NA;   2;   0;NA;Asturias;NA;NA;     0,00000
IB;2020-03-08;   11;NA;   1;   0;    2;Islas Baleares;  0,000000;    9;     0,00000
CN;2020-03-08;   22;NA;   0;   0;    4;Canarias;  0,000000;   18;     0,00000
CB;2020-03-08;   12;NA;   0;   0;NA;Cantabria;NA;NA;     0,00000
CM;2020-03-08;   26;NA;   2;   0;    2;Castilla la Mancha;  0,000000;   24;     0,00000
CL;2020-03-08;   30;NA;   2;   0;NA;Castilla y León;NA;NA;     0,00000
CT;2020-03-08;   75;NA;   0;   2;NA;Cataluña;NA;NA;   142,85714
CE;2020-03-08;    0;NA;   0;   0;NA;Ceuta;NA;NA;     0,00000
VC;2020-03-08;   37;  153;   9;   1;    1;Valencia; 50,000000;   36;    71,42857
EX;2020-03-08;    7;NA;   0;   0;    1;Extremadura;  0,000000;    6;     0,00000
GA;2020-03-08;    6;NA;   2;   0;NA;Galicia;NA;NA;     0,00000
MD;2020-03-08;  469;NA;  53;  16;NA;Madrid;NA;NA;  1142,85714
MC;2020-03-08;    4;NA;   0;   0;NA;Murcia;NA;NA;     0,00000
NC;2020-03-08;    3;NA;   1;   0;NA;Navarra;NA;NA;     0,00000
PV;2020-03-08;  149;NA;   5;   6;    2;País Vasco; 75,000000;  147;   428,57143
RI;2020-03-08;   81;NA;   1;   0;NA;La Rioja;NA;NA;     0,00000
AN;2020-03-09;   71;NA;   1;   0;   11;Andalucia;  0,000000;   60;     0,00000
AR;2020-03-09;   38;NA;   3;   4;    0;Aragón;100,000000;   38;   285,71429
AS;2020-03-09;   22;NA;   2;   0;    1;Asturias;  0,000000;   21;     0,00000
IB;2020-03-09;   13;NA;   1;   0;    3;Islas Baleares;  0,000000;   10;     0,00000
CN;2020-03-09;   25;NA;   1;   0;    5;Canarias;  0,000000;   20;     0,00000
CB;2020-03-09;   12;NA;   0;   0;NA;Cantabria;NA;NA;     0,00000
CM;2020-03-09;   39;NA;   3;   0;    2;Castilla la Mancha;  0,000000;   37;     0,00000
CL;2020-03-09;   40;NA;   2;   0;NA;Castilla y León;NA;NA;     0,00000
CT;2020-03-09;  124;NA;   0;   3;NA;Cataluña;NA;NA;   214,28571
CE;2020-03-09;NA;NA;   0;   0;NA;Ceuta;NA;NA;     0,00000
VC;2020-03-09;   50;  171;  10;   1;    1;Valencia; 50,000000;   49;    71,42857
EX;2020-03-09;    8;NA;   0;   0;    1;Extremadura;  0,000000;    7;     0,00000
GA;2020-03-09;   22;NA;   2;   0;NA;Galicia;NA;NA;     0,00000
MD;2020-03-09;  782;NA;  77;  21;  109;Madrid; 16,153846;  673;  1500,00000
MC;2020-03-09;    9;NA;   0;   0;NA;Murcia;NA;NA;     0,00000
NC;2020-03-09;   12;NA;   2;   0;NA;Navarra;NA;NA;     0,00000
PV;2020-03-09;  195;NA;   5;   6;    2;País Vasco; 75,000000;  193;   428,57143
RI;2020-03-09;  144;NA;   1;   1;NA;La Rioja;NA;NA;    71,42857
AN;2020-03-10;   90;   32;   3;   0;   11;Andalucia;  0,000000;   79;     0,00000
AR;2020-03-10;   45;   22;   3;   4;    0;Aragón;100,000000;   45;   285,71429
AS;2020-03-10;   32;   12;   2;   0;    1;Asturias;  0,000000;   31;     0,00000
IB;2020-03-10;   16;    8;   1;   0;    1;Islas Baleares;  0,000000;   15;     0,00000
CN;2020-03-10;   37;   10;   1;   0;    5;Canarias;  0,000000;   32;     0,00000
CB;2020-03-10;   12;    0;   0;   0;    0;Cantabria;NA;   12;     0,00000
CM;2020-03-10;   71;    0;   5;   0;    2;Castilla la Mancha;  0,000000;   69;     0,00000
CL;2020-03-10;   64;   14;   2;   0;    0;Castilla y León;NA;   64;     0,00000
CT;2020-03-10;  156;    0;   0;   3;    0;Cataluña;100,000000;  156;   214,28571
CE;2020-03-10;    0;    0;   0;   0;    0;Ceuta;NA;    0;     0,00000
VC;2020-03-10;   65;  200;  12;   1;    1;Valencia; 50,000000;   64;    71,42857
EX;2020-03-10;    9;    2;   1;   1;    1;Extremadura; 50,000000;    8;    71,42857
GA;2020-03-10;   35;    7;   2;   0;    0;Galicia;NA;   35;     0,00000
MD;2020-03-10; 1024;    0; 102;  31;  157;Madrid; 16,489362;  867;  2214,28571
MC;2020-03-10;   11;    4;   0;   0;    0;Murcia;NA;   11;     0,00000
NC;2020-03-10;   46;   10;   3;   0;    0;Navarra;NA;   46;     0,00000
PV;2020-03-10;  225;  102;  15;   6;    2;País Vasco; 75,000000;  223;   428,57143
RI;2020-03-10;  179;   13;   1;   2;    1;La Rioja; 66,666667;  178;   142,85714
AN;2020-03-11;  115;   50;   4;   0;   11;Andalucia;  0,000000;  104;     0,00000
AR;2020-03-11;   64;   28;   3;   6;    0;Aragón;100,000000;   64;   428,57143
AS;2020-03-11;   47;   12;   2;   1;    1;Asturias; 50,000000;   46;    71,42857
IB;2020-03-11;   22;    8;   2;   1;    1;Islas Baleares; 50,000000;   21;    71,42857
CN;2020-03-11;   51;   15;   3;   0;    5;Canarias;  0,000000;   46;     0,00000
CB;2020-03-11;   16;    3;   0;   0;    6;Cantabria;  0,000000;   10;     0,00000
CM;2020-03-11;  115;   39;   9;   1;    2;Castilla la Mancha; 33,333333;  113;    71,42857
CL;2020-03-11;   71;   24;   2;   0;    0;Castilla y León;NA;   71;     0,00000
CT;2020-03-11;  260;    0;   0;   4;    0;Cataluña;100,000000;  260;   285,71429
CE;2020-03-11;    0;    0;   0;   0;    0;Ceuta;NA;    0;     0,00000
VC;2020-03-11;   76;  232;  15;   1;    1;Valencia; 50,000000;   75;    71,42857
EX;2020-03-11;   19;    2;   1;   1;    3;Extremadura; 25,000000;   16;    71,42857
GA;2020-03-11;   35;    7;   2;   0;    0;Galicia;NA;   35;     0,00000
MD;2020-03-11; 1388;    0; 135;  56;  157;Madrid; 26,291080; 1231;  4000,00000
MC;2020-03-11;   26;    5;   1;   0;    0;Murcia;NA;   26;     0,00000
NC;2020-03-11;   73;   17;   3;   0;    0;Navarra;NA;   73;     0,00000
PV;2020-03-11;  346;  146;  18;  11;    1;País Vasco; 91,666667;  345;   785,71429
RI;2020-03-11;  205;   21;   1;   2;    1;La Rioja; 66,666667;  204;   142,85714
AN;2020-03-12;  219;   92;   8;   0;    0;Andalucia;NA;  219;     0,00000
AR;2020-03-12;   80;   30;   3;   7;    0;Aragón;100,000000;   80;   500,00000
AS;2020-03-12;   67;   16;   2;   1;    1;Asturias; 50,000000;   66;    71,42857
IB;2020-03-12;   28;    9;   2;   1;    1;Islas Baleares; 50,000000;   27;    71,42857
CN;2020-03-12;   70;   15;   3;   0;    5;Canarias;  0,000000;   65;     0,00000
CB;2020-03-12;   29;    3;   0;   0;    7;Cantabria;  0,000000;   22;     0,00000
CM;2020-03-12;  194;   78;  10;   5;    1;Castilla la Mancha; 83,333333;  193;   357,14286
CL;2020-03-12;   92;   25;   4;   0;    1;Castilla y León;  0,000000;   91;     0,00000
CT;2020-03-12;  316;    0;  25;   6;    0;Cataluña;100,000000;  316;   428,57143
CE;2020-03-12;    0;    0;   0;   0;    0;Ceuta;NA;    0;     0,00000
VC;2020-03-12;   94;  271;  22;   1;    2;Valencia; 33,333333;   92;    71,42857
EX;2020-03-12;   39;    3;   1;   1;    3;Extremadura; 25,000000;   36;    71,42857
GA;2020-03-12;   85;   15;   2;   0;    0;Galicia;NA;   85;     0,00000
MD;2020-03-12; 1990; 1304; 180;  81;  157;Madrid; 34,033613; 1833;  5785,71429
MC;2020-03-12;   35;    8;   2;   0;    0;Murcia;NA;   35;     0,00000
NC;2020-03-12;  130;   28;   4;   0;    0;Navarra;NA;  130;     0,00000
PV;2020-03-12;  417;  179;  20;  14;    2;País Vasco; 87,500000;  415;  1000,00000
RI;2020-03-12;  243;   27;   2;   3;    1;La Rioja; 75,000000;  242;   214,28571
AN;2020-03-13;  269;   92;   8;   2;    0;Andalucia;100,000000;  269;   142,85714
AR;2020-03-13;  121;   42;   5;   7;    0;Aragón;100,000000;  121;   500,00000
AS;2020-03-13;   92;   16;   2;   1;    1;Asturias; 50,000000;   91;    71,42857
IB;2020-03-13;   28;    9;   2;   1;    1;Islas Baleares; 50,000000;   27;    71,42857
CN;2020-03-13;   90;   15;   6;   1;    7;Canarias; 12,500000;   83;    71,42857
CB;2020-03-13;   31;    3;   0;   0;    7;Cantabria;  0,000000;   24;     0,00000
CM;2020-03-13;  289;   78;  10;   6;    5;Castilla la Mancha; 54,545455;  284;   428,57143
CL;2020-03-13;  169;   25;   8;   1;    2;Castilla y León; 33,333333;  167;    71,42857
CT;2020-03-13;  509;    0;  33;   6;    0;Cataluña;100,000000;  509;   428,57143
CE;2020-03-13;    0;    0;   0;   0;    0;Ceuta;NA;    0;     0,00000
VC;2020-03-13;  130;  307;  29;   4;    2;Valencia; 66,666667;  128;   285,71429
EX;2020-03-13;   66;    3;   1;   2;    4;Extremadura; 33,333333;   62;   142,85714
GA;2020-03-13;  115;   32;   7;   0;    3;Galicia;  0,000000;  112;     0,00000
MD;2020-03-13; 2940; 1518; 180;  86;  474;Madrid; 15,357143; 2466;  6142,85714
MC;2020-03-13;   47;    8;   2;   0;    0;Murcia;NA;   47;     0,00000
NC;2020-03-13;  146;   28;   4;   0;    0;Navarra;NA;  146;     0,00000
PV;2020-03-13;  521;  179;  22;  14;    5;País Vasco; 73,684211;  516;  1000,00000
RI;2020-03-13;  278;   38;   2;   3;    1;La Rioja; 75,000000;  277;   214,28571
AN;2020-03-14;  437;   92;   8;   6;    0;Andalucia;100,000000;  437;   428,57143
AR;2020-03-14;  147;   59;   5;   7;    0;Aragón;100,000000;  147;   500,00000
AS;2020-03-14;  137;   16;   3;   1;    1;Asturias; 50,000000;  136;    71,42857
IB;2020-03-14;   42;    9;   2;   1;    1;Islas Baleares; 50,000000;   41;    71,42857
CN;2020-03-14;  109;   15;   6;   1;    7;Canarias; 12,500000;  102;    71,42857
CB;2020-03-14;   51;    3;   0;   0;   10;Cantabria;  0,000000;   41;     0,00000
CM;2020-03-14;  401;   78;  10;  10;    5;Castilla la Mancha; 66,666667;  396;   714,28571
CL;2020-03-14;  223;   45;   8;   3;    3;Castilla y León; 50,000000;  220;   214,28571
CT;2020-03-14;  715;    0;  33;   8;    0;Cataluña;100,000000;  715;   571,42857
CE;2020-03-14;    1;    0;   0;   0;    0;Ceuta;NA;    1;     0,00000
VC;2020-03-14;  409;  339;  37;   5;    2;Valencia; 71,428571;  407;   357,14286
EX;2020-03-14;   95;    8;   1;   2;    4;Extremadura; 33,333333;   91;   142,85714
GA;2020-03-14;  195;   32;   8;   2;    4;Galicia; 33,333333;  191;   142,85714
MD;2020-03-14; 3544; 2337; 253; 213;  474;Madrid; 31,004367; 3070; 15214,28571
MC;2020-03-14;   71;   13;   2;   0;    0;Murcia;NA;   71;     0,00000
NC;2020-03-14;  183;   34;   4;   0;    0;Navarra;NA;  183;     0,00000
PV;2020-03-14;  630;  262;  29;  23;    5;País Vasco; 82,142857;  625;  1642,85714
RI;2020-03-14;  300;   58;   7;   3;    1;La Rioja; 75,000000;  299;   214,28571
AN;2020-03-15;  554;  197;  11;   7;    0;Andalucia;100,000000;  554;   500,00000
AR;2020-03-15;  174;   64;   7;  11;    0;Aragón;100,000000;  174;   785,71429
AS;2020-03-15;  177;   16;   3;   1;    3;Asturias; 25,000000;  174;    71,42857
IB;2020-03-15;   73;   21;   4;   1;    1;Islas Baleares; 50,000000;   72;    71,42857
CN;2020-03-15;  119;   40;   9;   1;    7;Canarias; 12,500000;  112;    71,42857
CB;2020-03-15;   58;   18;   2;   0;   10;Cantabria;  0,000000;   48;     0,00000
CM;2020-03-15;  567;  207;  23;  17;   12;Castilla la Mancha; 58,620690;  555;  1214,28571
CL;2020-03-15;  292;   45;   8;   6;    5;Castilla y León; 54,545455;  287;   428,57143
CT;2020-03-15;  903;    0;  33;  12;    0;Cataluña;100,000000;  903;   857,14286
CE;2020-03-15;    1;    0;   0;   0;    0;Ceuta;NA;    1;     0,00000
VC;2020-03-15;  409;  390;  47;   5;    2;Valencia; 71,428571;  407;   357,14286
EX;2020-03-15;  111;    9;   1;   2;    4;Extremadura; 33,333333;  107;   142,85714
GA;2020-03-15;  245;   49;   9;   2;    4;Galicia; 33,333333;  241;   142,85714
MD;2020-03-15; 4165; 2337; 253; 213;  474;Madrid; 31,004367; 3691; 15214,28571
MC;2020-03-15;   77;   13;   2;   0;    1;Murcia;  0,000000;   76;     0,00000
NC;2020-03-15;  274;   58;   5;   1;    0;Navarra;100,000000;  274;    71,42857
PV;2020-03-15;  630;  262;  29;  23;    5;País Vasco; 82,142857;  625;  1642,85714
RI;2020-03-15;  312;   64;  13;   4;    2;La Rioja; 66,666667;  310;   285,71429
AN;2020-03-16;  683;  229;  13;  11;    0;Andalucia;100,000000;  683;   785,71429
AR;2020-03-16;  207;   74;   9;  12;    0;Aragón;100,000000;  207;   857,14286
AS;2020-03-16;  193;   34;   5;   1;    3;Asturias; 25,000000;  190;    71,42857
IB;2020-03-16;   92;   26;   4;   1;    1;Islas Baleares; 50,000000;   91;    71,42857
CN;2020-03-16;  148;   56;  13;   2;    8;Canarias; 20,000000;  140;   142,85714
CB;2020-03-16;   58;   18;   2;   0;   10;Cantabria;  0,000000;   48;     0,00000
CM;2020-03-16;  567;  207;  23;  17;   12;Castilla la Mancha; 58,620690;  555;  1214,28571
CL;2020-03-16;  431;   95;  24;  12;    5;Castilla y León; 70,588235;  426;   857,14286
CT;2020-03-16; 1394;    0;  33;  18;    0;Cataluña;100,000000; 1394;  1285,71429
CE;2020-03-16;    1;    0;   0;   0;    0;Ceuta;NA;    1;     0,00000
VC;2020-03-16;  541;  456;  52;  13;   12;Valencia; 52,000000;  529;   928,57143
EX;2020-03-16;  153;   18;   2;   3;    5;Extremadura; 37,500000;  148;   214,28571
GA;2020-03-16;  292;   49;   9;   3;    7;Galicia; 30,000000;  285;   214,28571
MD;2020-03-16; 4871; 3710; 340; 355;  951;Madrid; 27,182236; 3920; 25357,14286
MC;2020-03-16;   97;   18;   3;   0;    1;Murcia;  0,000000;   96;     0,00000
NC;2020-03-16;  313;   72;  10;   2;    0;Navarra;100,000000;  313;   142,85714
PV;2020-03-16;  765;  309;  33;  36;   11;País Vasco; 76,595745;  754;  2571,42857
RI;2020-03-16;  355;   82;  13;   5;    2;La Rioja; 71,428571;  353;   357,14286
AN;2020-03-17;  859;  319;  21;  19;   38;Andalucia; 33,333333;  821;  1357,14286
AR;2020-03-17;  226;   81;   9;  13;    0;Aragón;100,000000;  226;   928,57143
AS;2020-03-17;  242;   45;   5;   1;    4;Asturias; 20,000000;  238;    71,42857
IB;2020-03-17;  112;   29;   4;   1;    4;Islas Baleares; 20,000000;  108;    71,42857
CN;2020-03-17;  181;   73;  17;   3;    8;Canarias; 27,272727;  173;   214,28571
CB;2020-03-17;   68;   25;   3;   1;   10;Cantabria;  9,090909;   58;    71,42857
CM;2020-03-17;  675;  277;  29;  28;   15;Castilla la Mancha; 65,116279;  660;  2000,00000
CL;2020-03-17;  668;  281;  43;  22;    5;Castilla y León; 81,481481;  663;  1571,42857
CT;2020-03-17; 1866;    0;  33;  41;    0;Cataluña;100,000000; 1866;  2928,57143
CE;2020-03-17;    1;    0;   0;   0;    0;Ceuta;NA;    1;     0,00000
VC;2020-03-17;  726;  530;  65;  22;   16;Valencia; 57,894737;  710;  1571,42857
EX;2020-03-17;  194;   27;   3;   6;    6;Extremadura; 50,000000;  188;   428,57143
GA;2020-03-17;  341;   63;  12;   3;    7;Galicia; 30,000000;  334;   214,28571
MD;2020-03-17; 5637; 3778; 491; 390;  951;Madrid; 29,082774; 4686; 27857,14286
MC;2020-03-17;  122;   22;   4;   0;    1;Murcia;  0,000000;  121;     0,00000
NC;2020-03-17;  386;   93;  10;   3;    0;Navarra;100,000000;  386;   214,28571
PV;2020-03-17;  973;  353;  37;  40;   14;País Vasco; 74,074074;  959;  2857,14286
RI;2020-03-17;  419;   99;  13;   5;    2;La Rioja; 71,428571;  417;   357,14286
AN;2020-03-18; 1008;  384;  25;  23;   33;Andalucia; 41,071429;  975;  1642,85714
AR;2020-03-18;  281;  101;  14;  15;    0;Aragón;100,000000;  281;  1071,42857
AS;2020-03-18;  292;   61;   6;   1;    4;Asturias; 20,000000;  288;    71,42857
IB;2020-03-18;  169;   31;   7;   2;    6;Islas Baleares; 25,000000;  163;   142,85714
CN;2020-03-18;  220;   82;  23;   3;    9;Canarias; 25,000000;  211;   214,28571
CB;2020-03-18;   83;   40;   4;   1;   10;Cantabria;  9,090909;   73;    71,42857
CM;2020-03-18;  801;  313;  37;  42;   27;Castilla la Mancha; 60,869565;  774;  3000,00000
CL;2020-03-18;  868;  362;  54;  29;   27;Castilla y León; 51,785714;  841;  2071,42857
CT;2020-03-18; 2702;    0;  33;  55;    0;Cataluña;100,000000; 2702;  3928,57143
CE;2020-03-18;    1;    0;   0;   0;    0;Ceuta;NA;    1;     0,00000
VC;2020-03-18;  921;  647;  85;  24;   19;Valencia; 55,813953;  902;  1714,28571
EX;2020-03-18;  241;   36;   3;   8;    6;Extremadura; 57,142857;  235;   571,42857
GA;2020-03-18;  453;  100;  15;   4;    4;Galicia; 50,000000;  449;   285,71429
MD;2020-03-18; 6777; 5168; 590; 498;  941;Madrid; 34,607366; 5836; 35571,42857
MC;2020-03-18;  167;   36;   6;   0;    1;Murcia;  0,000000;  166;     0,00000
NC;2020-03-18;  482;  132;  11;   4;    0;Navarra;100,000000;  482;   285,71429
PV;2020-03-18; 1190;  455;  44;  53;   18;País Vasco; 74,647887; 1172;  3785,71429
RI;2020-03-18;  468;  121;  15;   5;    2;La Rioja; 71,428571;  466;   357,14286
AN;2020-03-19; 1287;  501;  38;  30;   36;Andalucia; 45,454545; 1251;  2142,85714
AR;2020-03-19;  360;  127;  28;  17;    0;Aragón;100,000000;  360;  1214,28571
AS;2020-03-19;  344;   87;   7;   2;   12;Asturias; 14,285714;  332;   142,85714
IB;2020-03-19;  203;   48;  10;   2;   10;Islas Baleares; 16,666667;  193;   142,85714
CN;2020-03-19;  287;  115;  25;   4;    9;Canarias; 30,769231;  278;   285,71429
CB;2020-03-19;  144;   61;   7;   1;   10;Cantabria;  9,090909;  134;    71,42857
CM;2020-03-19; 1044;  313;  37;  42;   27;Castilla la Mancha; 60,869565; 1017;  3000,00000
CL;2020-03-19; 1147;  476;  69;  43;   37;Castilla y León; 53,750000; 1110;  3071,42857
CT;2020-03-19; 3270; 1002;  33;  82;  150;Cataluña; 35,344828; 3120;  5857,14286
CE;2020-03-19;    5;    0;   0;   0;    0;Ceuta;NA;    5;     0,00000
VC;2020-03-19; 1105;  777; 101;  33;   20;Valencia; 62,264151; 1085;  2357,14286
EX;2020-03-19;  297;   44;   4;  10;    7;Extremadura; 58,823529;  290;   714,28571
GA;2020-03-19;  578;  138;  19;   5;    5;Galicia; 50,000000;  573;   357,14286
MD;2020-03-19; 7165; 6338; 678; 628; 1186;Madrid; 34,619625; 5979; 44857,14286
MC;2020-03-19;  204;   47;  11;   0;    1;Murcia;  0,000000;  203;     0,00000
NC;2020-03-19;  554;  172;  19;   5;    1;Navarra; 83,333333;  553;   357,14286
PV;2020-03-19; 1465;  550;  53;  71;   21;País Vasco; 77,173913; 1444;  5071,42857
RI;2020-03-19;  497;  122;  15;   7;   13;La Rioja; 35,000000;  484;   500,00000
AN;2020-03-20; 1515;  605;  53;  40;   36;Andalucia; 52,631579; 1479;  2857,14286
AR;2020-03-20;  424;  192;  33;  22;    0;Aragón;100,000000;  424;  1571,42857
AS;2020-03-20;  486;  133;  12;   5;   16;Asturias; 23,809524;  470;   357,14286
IB;2020-03-20;  246;   60;  14;   4;   11;Islas Baleares; 26,666667;  235;   285,71429
CN;2020-03-20;  348;  139;  29;   7;    7;Canarias; 50,000000;  341;   500,00000
CB;2020-03-20;  215;   92;   9;   2;   11;Cantabria; 15,384615;  204;   142,85714
CM;2020-03-20; 1423;  635;  65;  84;   38;Castilla la Mancha; 68,852459; 1385;  6000,00000
CL;2020-03-20; 1466;  629;  85;  55;   54;Castilla y León; 50,458716; 1412;  3928,57143
CT;2020-03-20; 4203; 1681; 298; 122;  150;Cataluña; 44,852941; 4053;  8714,28571
CE;2020-03-20;    5;    0;   0;   0;    0;Ceuta;NA;    5;     0,00000
VC;2020-03-20; 1363;  947; 129;  50;   25;Valencia; 66,666667; 1338;  3571,42857
EX;2020-03-20;  354;   65;   6;  12;    8;Extremadura; 60,000000;  346;   857,14286
GA;2020-03-20;  739;  168;  29;   9;    6;Galicia; 60,000000;  733;   642,85714
MD;2020-03-20; 8921; 7388; 767; 804; 1542;Madrid; 34,271100; 7379; 57428,57143
MC;2020-03-20;  240;   61;  14;   1;    1;Murcia; 50,000000;  239;    71,42857
NC;2020-03-20;  664;  222;  25;   9;    1;Navarra; 90,000000;  663;   642,85714
PV;2020-03-20; 1725;  654;  71;  85;  165;País Vasco; 34,000000; 1560;  6071,42857
RI;2020-03-20;  564;  128;  17;  15;   18;La Rioja; 45,454545;  546;  1071,42857
AN;2020-03-21; 1725;  724;  55;  47;   38;Andalucia; 55,294118; 1687;  3357,14286
AR;2020-03-21;  532;  241;  45;  24;    3;Aragón; 88,888889;  529;  1714,28571
AS;2020-03-21;  545;  171;  15;   8;   20;Asturias; 28,571429;  525;   571,42857
IB;2020-03-21;  331;   79;  14;   4;   17;Islas Baleares; 19,047619;  314;   285,71429
CN;2020-03-21;  414;  150;  32;   9;    7;Canarias; 56,250000;  407;   642,85714
CB;2020-03-21;  282;  116;   9;   5;   11;Cantabria; 31,250000;  271;   357,14286
CM;2020-03-21; 1819;  838;  76; 112;   48;Castilla la Mancha; 70,000000; 1771;  8000,00000
CL;2020-03-21; 1744;  798; 106;  74;   89;Castilla y León; 45,398773; 1655;  5285,71429
CT;2020-03-21; 4704; 1681; 298; 191;  150;Cataluña; 56,011730; 4554; 13642,85714
CE;2020-03-21;    5;    0;   0;   0;    0;Ceuta;NA;    5;     0,00000
VC;2020-03-21; 1604; 1136; 152;  69;   30;Valencia; 69,696970; 1574;  4928,57143
EX;2020-03-21;  384;   87;   8;  14;    8;Extremadura; 63,636364;  376;  1000,00000
GA;2020-03-21;  915;  227;  35;  12;   16;Galicia; 42,857143;  899;   857,14286
MD;2020-03-21; 9702; 8441; 834;1021; 1899;Madrid; 34,965753; 7803; 72928,57143
MC;2020-03-21;  296;   78;  16;   1;    1;Murcia; 50,000000;  295;    71,42857
NC;2020-03-21;  794;  288;  30;  14;    4;Navarra; 77,777778;  790;  1000,00000
PV;2020-03-21; 2097;  988;  81;  97;  216;País Vasco; 30,990415; 1881;  6928,57143
RI;2020-03-21;  654;  134;  17;  18;   18;La Rioja; 50,000000;  636;  1285,71429
AN;2020-03-22; 1961;  865;  77;  58;   50;Andalucia; 53,703704; 1911;  4142,85714
AR;2020-03-22;  638;  298;  52;  32;   30;Aragón; 51,612903;  608;  2285,71429
AS;2020-03-22;  594;  194;  22;  12;   21;Asturias; 36,363636;  573;   857,14286
IB;2020-03-22;  400;   87;  27;  10;   18;Islas Baleares; 35,714286;  382;   714,28571
CN;2020-03-22;  481;  172;  32;  11;    7;Canarias; 61,111111;  474;   785,71429
CB;2020-03-22;  347;  157;  14;   6;   11;Cantabria; 35,294118;  336;   428,57143
CM;2020-03-22; 2078; 1547; 142; 145;   51;Castilla la Mancha; 73,979592; 2027; 10357,14286
CL;2020-03-22; 2055;  977; 120; 102;  117;Castilla y León; 46,575342; 1938;  7285,71429
CT;2020-03-22; 5925; 1681; 551; 245;  644;Cataluña; 27,559055; 5281; 17500,00000
CE;2020-03-22;    6;    0;   0;   0;    0;Ceuta;NA;    6;     0,00000
VC;2020-03-22; 1901; 1311; 181;  94;   36;Valencia; 72,307692; 1865;  6714,28571
EX;2020-03-22;  493;  131;  13;  18;    6;Extremadura; 75,000000;  487;  1285,71429
GA;2020-03-22; 1208;  270;  47;  18;   19;Galicia; 48,648649; 1189;  1285,71429
MD;2020-03-22;10575; 9561; 942;1263; 2063;Madrid; 37,973542; 8512; 90214,28571
MC;2020-03-22;  345;   80;  23;   2;    1;Murcia; 66,666667;  344;   142,85714
NC;2020-03-22;  886;  339;  40;  24;    7;Navarra; 77,419355;  879;  1714,28571
PV;2020-03-22; 2421; 1252;  92; 120;  283;País Vasco; 29,776675; 2138;  8571,42857
RI;2020-03-22;  747;  166;  22;  22;   18;La Rioja; 55,000000;  729;  1571,42857
AN;2020-03-23; 2471; 1132; 102;  87;   66;Andalucia; 56,862745; 2405;  6214,28571
AR;2020-03-23;  758;  384;  66;  37;    3;Aragón; 92,500000;  755;  2642,85714
AS;2020-03-23;  662;  224;  23;  22;   30;Asturias; 42,307692;  632;  1571,42857
IB;2020-03-23;  478;  127;  35;  10;   19;Islas Baleares; 34,482759;  459;   714,28571
CN;2020-03-23;  557;  207;  36;  16;    8;Canarias; 66,666667;  549;  1142,85714
CB;2020-03-23;  425;  200;  16;   9;   12;Cantabria; 42,857143;  413;   642,85714
CM;2020-03-23; 2465; 1826; 182; 216;   53;Castilla la Mancha; 80,297398; 2412; 15428,57143
CL;2020-03-23; 2460; 1197; 137; 124;  140;Castilla y León; 46,969697; 2320;  8857,14286
CT;2020-03-23; 7864; 3599; 551; 282;  728;Cataluña; 27,920792; 7136; 20142,85714
CE;2020-03-23;    6;    0;   0;   0;    0;Ceuta;NA;    6;     0,00000
VC;2020-03-23; 2167; 1562; 222; 115;   37;Valencia; 75,657895; 2130;  8214,28571
EX;2020-03-23;  636;  161;  20;  26;    8;Extremadura; 76,470588;  628;  1857,14286
GA;2020-03-23; 1415;  338;  55;  20;   19;Galicia; 51,282051; 1396;  1428,57143
MD;2020-03-23;12352;10443;1050;1535; 2291;Madrid; 40,120230;10061;109642,85714
MC;2020-03-23;  385;   99;  26;   3;    1;Murcia; 75,000000;  384;   214,28571
NC;2020-03-23; 1014;  405;  45;  31;   11;Navarra; 73,809524; 1003;  2214,28571
PV;2020-03-23; 2728; 1425; 106; 133;  344;País Vasco; 27,882600; 2384;  9500,00000
RI;2020-03-23;  802;  206;  24;  30;   24;La Rioja; 55,555556;  778;  2142,85714
AN;2020-03-24; 3010; 1433; 116; 113;   71;Andalucia; 61,413043; 2939;  8071,42857
AR;2020-03-24;  907;  459;  75;  40;    4;Aragón; 90,909091;  903;  2857,14286
AS;2020-03-24;  779;  263;  29;  25;   35;Asturias; 41,666667;  744;  1785,71429
IB;2020-03-24;  562;  164;  40;  13;   28;Islas Baleares; 31,707317;  534;   928,57143
CN;2020-03-24;  657;  235;  43;  21;   15;Canarias; 58,333333;  642;  1500,00000
CB;2020-03-24;  510;  241;  18;  14;   12;Cantabria; 53,846154;  498;  1000,00000
CM;2020-03-24; 2780; 2162; 210; 263;   71;Castilla la Mancha; 78,742515; 2709; 18785,71429
CL;2020-03-24; 2940; 1457; 170; 165;  213;Castilla y León; 43,650794; 2727; 11785,71429
CT;2020-03-24; 9937; 5434; 781; 516; 1274;Cataluña; 28,826816; 8663; 36857,14286
CE;2020-03-24;    9;    2;   1;   0;    0;Ceuta;NA;    9;     0,00000
VC;2020-03-24; 2616; 1842; 255; 143;   44;Valencia; 76,470588; 2572; 10214,28571
EX;2020-03-24;  742;  209;  28;  39;    8;Extremadura; 82,978723;  734;  2785,71429
GA;2020-03-24; 1653;  412;  69;  27;   25;Galicia; 51,923077; 1628;  1928,57143
MD;2020-03-24;14597;11153;1150;1825; 3031;Madrid; 37,582372;11566;130357,14286
MC;2020-03-24;  477;  127;  33;   5;    4;Murcia; 55,555556;  473;   357,14286
NC;2020-03-24; 1197;  506;  51;  33;   23;Navarra; 58,928571; 1174;  2357,14286
PV;2020-03-24; 3271; 1577; 119; 155;  466;País Vasco; 24,959742; 2805; 11071,42857
RI;2020-03-24;  928;  254;  33;  37;   43;La Rioja; 46,250000;  885;  2642,85714
AN;2020-03-25; 3406; 1626; 134; 134;   77;Andalucia; 63,507109; 3329;  9571,42857
AR;2020-03-25; 1116;  562;  93;  48;    4;Aragón; 92,307692; 1112;  3428,57143
AS;2020-03-25;  841;  300;  34;  27;   40;Asturias; 40,298507;  801;  1928,57143
IB;2020-03-25;  660;  205;  43;  17;   39;Islas Baleares; 30,357143;  621;  1214,28571
CN;2020-03-25;  784;  279;  45;  24;   18;Canarias; 57,142857;  766;  1714,28571
CB;2020-03-25;  671;  300;  26;  17;   14;Cantabria; 54,838710;  657;  1214,28571
CM;2020-03-25; 3383; 2162; 243; 316;   95;Castilla la Mancha; 76,885645; 3288; 22571,42857
CL;2020-03-25; 3488; 1823; 202; 206;  308;Castilla y León; 40,077821; 3180; 14714,28571
CT;2020-03-25;11592; 7439;1021; 672; 1697;Cataluña; 28,366399; 9895; 48000,00000
CE;2020-03-25;   10;    2;   2;   0;    0;Ceuta;NA;   10;     0,00000
VC;2020-03-25; 3200; 2097; 289; 167;   57;Valencia; 74,553571; 3143; 11928,57143
EX;2020-03-25;  969;  241;  34;  58;   24;Extremadura; 70,731707;  945;  4142,85714
GA;2020-03-25; 1915;  503;  86;  32;   47;Galicia; 40,506329; 1868;  2285,71429
MD;2020-03-25;17166;12440;1221;2090; 3882;Madrid; 34,996651;13284;149285,71429
MC;2020-03-25;  596;  172;  36;   8;    9;Murcia; 47,058824;  587;   571,42857
NC;2020-03-25; 1411;  649;  54;  49;   35;Navarra; 58,333333; 1376;  3500,00000
PV;2020-03-25; 3946; 1907; 137; 180;  621;País Vasco; 22,471910; 3325; 12857,14286
RI;2020-03-25;  995;  316;  36;  43;   48;La Rioja; 47,252747;  947;  3071,42857
AN;2020-03-26; 3793; 1843; 148; 144;   92;Andalucia; 61,016949; 3701; 10285,71429
AR;2020-03-26; 1338;  693; 114;  58;    8;Aragón; 87,878788; 1330;  4142,85714
AS;2020-03-26;  900;  339;  47;  29;   52;Asturias; 35,802469;  848;  2071,42857
IB;2020-03-26;  755;  237;  46;  22;   67;Islas Baleares; 24,719101;  688;  1571,42857
CN;2020-03-26;  878;  328;  61;  27;   20;Canarias; 57,446809;  858;  1928,57143
CB;2020-03-26;  810;  355;  29;  21;   19;Cantabria; 52,500000;  791;  1500,00000
CM;2020-03-26; 3934; 2707; 273; 367;  153;Castilla la Mancha; 70,576923; 3781; 26214,28571
CL;2020-03-26; 4132; 2214; 228; 252;  423;Castilla y León; 37,333333; 3709; 18000,00000
CT;2020-03-26;12940; 8545;1187; 880; 2348;Cataluña; 27,261462;10592; 62857,14286
CE;2020-03-26;   17;    2;   2;   0;    0;Ceuta;NA;   17;     0,00000
VC;2020-03-26; 3532; 2357; 325; 198;   73;Valencia; 73,062731; 3459; 14142,85714
EX;2020-03-26; 1231;  277;  41;  69;   33;Extremadura; 67,647059; 1198;  4928,57143
GA;2020-03-26; 2322;  557;  98;  43;   67;Galicia; 39,090909; 2255;  3071,42857
MD;2020-03-26;19243;13580;1312;2412; 5044;Madrid; 32,349785;14199;172285,71429
MC;2020-03-26;  714;  209;  53;  15;   12;Murcia; 55,555556;  702;  1071,42857
NC;2020-03-26; 1641;  732;  75;  58;   70;Navarra; 45,312500; 1571;  4142,85714
PV;2020-03-26; 4601; 2270; 154; 207;  814;País Vasco; 20,274241; 3787; 14785,71429
RI;2020-03-26; 1236;  388;  43;  55;   62;La Rioja; 47,008547; 1174;  3928,57143
AN;2020-03-27; 4277; 2106; 172; 175;  139;Andalucia; 55,732484; 4138; 12500,00000
AR;2020-03-27; 1592;  835; 124;  93;    8;Aragón; 92,079208; 1584;  6642,85714
AS;2020-03-27; 1004;  408;  50;  33;   65;Asturias; 33,673469;  939;  2357,14286
IB;2020-03-27;  862;  283;  59;  26;   80;Islas Baleares; 24,528302;  782;  1857,14286
CN;2020-03-27; 1025;  377;  68;  36;   25;Canarias; 59,016393; 1000;  2571,42857
CB;2020-03-27;  937;  406;  37;  22;   21;Cantabria; 51,162791;  916;  1571,42857
CM;2020-03-27; 4512; 2977; 289; 448;  197;Castilla la Mancha; 69,457364; 4315; 32000,00000
CL;2020-03-27; 4791; 2648; 249; 321;  585;Castilla y León; 35,430464; 4206; 22928,57143
CT;2020-03-27;14263; 9900;1324;1070; 3106;Cataluña; 25,622605;11157; 76428,57143
CE;2020-03-27;   17;    2;   2;   1;    0;Ceuta;100,000000;   17;    71,42857
VC;2020-03-27; 4034; 2606; 348; 234;   92;Valencia; 71,779141; 3942; 16714,28571
EX;2020-03-27; 1394;  312;  40;  88;   49;Extremadura; 64,233577; 1345;  6285,71429
GA;2020-03-27; 2772;  906; 112;  47;   95;Galicia; 33,098592; 2677;  3357,14286
MD;2020-03-27;21520;14211;1404;2757; 6326;Madrid; 30,353407;15194;196928,57143
MC;2020-03-27;  802;  231;  58;  17;   12;Murcia; 58,620690;  790;  1214,28571
NC;2020-03-27; 1829;  827;  84;  70;   98;Navarra; 41,666667; 1731;  5000,00000
PV;2020-03-27; 5136; 2612; 176; 241; 1023;País Vasco; 19,066456; 4113; 17214,28571
RI;2020-03-27; 1436;  458;  43;  65;  364;La Rioja; 15,151515; 1072;  4642,85714
AN;2020-03-28; 4682; 2294; 201; 207;  148;Andalucia; 58,309859; 4534; 14785,71429
AR;2020-03-28; 1858;  835; 124; 104;    8;Aragón; 92,857143; 1850;  7428,57143
AS;2020-03-28; 1088;  466;  57;  41;   76;Asturias; 35,042735; 1012;  2928,57143
IB;2020-03-28;  958;  345;  71;  29;   82;Islas Baleares; 26,126126;  876;  2071,42857
CN;2020-03-28; 1125;  425;  78;  39;   30;Canarias; 56,521739; 1095;  2785,71429
CB;2020-03-28; 1023;  449;  40;  26;   24;Cantabria; 52,000000;  999;  1857,14286
CM;2020-03-28; 5246; 3018; 299; 539;  236;Castilla la Mancha; 69,548387; 5010; 38500,00000
CL;2020-03-28; 5414; 3160; 278; 380;  752;Castilla y León; 33,568905; 4662; 27142,85714
CT;2020-03-28;15026;10688;1391;1226; 3455;Cataluña; 26,190985;11571; 87571,42857
CE;2020-03-28;   21;    2;   2;   1;    0;Ceuta;100,000000;   21;    71,42857
VC;2020-03-28; 4784; 2773; 375; 267;  161;Valencia; 62,383178; 4623; 19071,42857
EX;2020-03-28; 1456;  313;  41; 100;   51;Extremadura; 66,225166; 1405;  7142,85714
GA;2020-03-28; 3139; 1043; 123;  60;  153;Galicia; 28,169014; 2986;  4285,71429
MD;2020-03-28;22677;14454;1429;3082; 7491;Madrid; 29,149721;15186;220142,85714
MC;2020-03-28;  872;  260;  58;  20;   16;Murcia; 55,555556;  856;  1428,57143
NC;2020-03-28; 2011;  896;  90;  84;  125;Navarra; 40,191388; 1886;  6000,00000
PV;2020-03-28; 5740; 3106; 271; 265; 1503;País Vasco; 14,988688; 4237; 18928,57143
RI;2020-03-28; 1629;  497;  43;  68;  397;La Rioja; 14,623656; 1232;  4857,14286
AN;2020-03-29; 5405; 2671; 216; 236;  155;Andalucia; 60,358056; 5250; 16857,14286
AR;2020-03-29; 2078; 1094; 156; 106;  174;Aragón; 37,857143; 1904;  7571,42857
AS;2020-03-29; 1158;  479;  60;  49;   78;Asturias; 38,582677; 1080;  3500,00000
IB;2020-03-29; 1000;  353;  80;  37;  100;Islas Baleares; 27,007299;  900;  2642,85714
CN;2020-03-29; 1204;  444;  84;  40;   32;Canarias; 55,555556; 1172;  2857,14286
CB;2020-03-29; 1100;  481;  46;  27;   24;Cantabria; 52,941176; 1076;  1928,57143
CM;2020-03-29; 5858; 3134; 302; 622;  252;Castilla la Mancha; 71,167048; 5606; 44428,57143
CL;2020-03-29; 5801; 3411; 307; 442;  871;Castilla y León; 33,663366; 4930; 31571,42857
CT;2020-03-29;16157;11769;1512;1410; 4125;Cataluña; 25,474255;12032;100714,28571
CE;2020-03-29;   25;    2;   2;   1;    0;Ceuta;100,000000;   25;    71,42857
VC;2020-03-29; 5110; 2914; 393; 310;  185;Valencia; 62,626263; 4925; 22142,85714
EX;2020-03-29; 1560;  353;  43; 106;   60;Extremadura; 63,855422; 1500;  7571,42857
GA;2020-03-29; 3723; 1147; 134;  66;  168;Galicia; 28,205128; 3555;  4714,28571
MD;2020-03-29;24090;14917;1460;3392; 8301;Madrid; 29,008809;15789;242285,71429
MC;2020-03-29;  939;  265;  58;  25;   17;Murcia; 59,523810;  922;  1785,71429
NC;2020-03-29; 2146;  955;  96; 102;  161;Navarra; 38,783270; 1985;  7285,71429
PV;2020-03-29; 6057; 3427; 293; 297; 1646;País Vasco; 15,285641; 4411; 21214,28571
RI;2020-03-29; 1733;  517;  43;  71;  431;La Rioja; 14,143426; 1302;  5071,42857
AN;2020-03-30; 5818; 2867; 235; 248;  160;Andalucia; 60,784314; 5658; 17714,28571
AR;2020-03-30; 2272; 1176; 165; 138;  204;Aragón; 40,350877; 2068;  9857,14286
AS;2020-03-30; 1236;  529;  65;  55;   90;Asturias; 37,931034; 1146;  3928,57143
IB;2020-03-30; 1069;  399;  85;  42;  111;Islas Baleares; 27,450980;  958;  3000,00000
CN;2020-03-30; 1262;  483;  94;  55;   57;Canarias; 49,107143; 1205;  3928,57143
CB;2020-03-30; 1171;  522;  50;  37;   35;Cantabria; 51,388889; 1136;  2642,85714
CM;2020-03-30; 6424; 3225; 344; 708;  296;Castilla la Mancha; 70,517928; 6128; 50571,42857
CL;2020-03-30; 6211; 3629; 325; 516; 1028;Castilla y León; 33,419689; 5183; 36857,14286
CT;2020-03-30;18773;12974;1652;1672; 4966;Cataluña; 25,188310;13807;119428,57143
CE;2020-03-30;   34;    3;   3;   1;    0;Ceuta;100,000000;   34;    71,42857
VC;2020-03-30; 5508; 3111; 416; 339;  200;Valencia; 62,894249; 5308; 24214,28571
EX;2020-03-30; 1628;  371;  51; 133;   91;Extremadura; 59,375000; 1537;  9500,00000
GA;2020-03-30; 4039; 1250; 149;  84;  187;Galicia; 30,996310; 3852;  6000,00000
MD;2020-03-30;27509;15140;1514;3603; 9330;Madrid; 27,858965;18179;257357,14286
MC;2020-03-30;  974;  283;  59;  34;   20;Murcia; 62,962963;  954;  2428,57143
NC;2020-03-30; 2305; 1035;  99; 113;  192;Navarra; 37,049180; 2113;  8071,42857
PV;2020-03-30; 6320; 3594; 307; 325; 1796;País Vasco; 15,322961; 4524; 23214,28571
RI;2020-03-30; 1810;  575;  51;  85;  496;La Rioja; 14,629948; 1314;  6071,42857
AN;2020-03-31; 6392; 3147; 260; 308;  182;Andalucia; 62,857143; 6210; 22000,00000
AR;2020-03-31; 2491; 1234; 168; 169;  257;Aragón; 39,671362; 2234; 12071,42857
AS;2020-03-31; 1322;  590;  76;  63;  109;Asturias; 36,627907; 1213;  4500,00000
IB;2020-03-31; 1131;  468;  95;  46;  170;Islas Baleares; 21,296296;  961;  3285,71429
CN;2020-03-31; 1380;  532; 110;  62;   77;Canarias; 44,604317; 1303;  4428,57143
CB;2020-03-31; 1213;  543;  54;  54;   43;Cantabria; 55,670103; 1170;  3857,14286
CM;2020-03-31; 7047; 3230; 353; 774;  397;Castilla la Mancha; 66,097353; 6650; 55285,71429
CL;2020-03-31; 6847; 3951; 345; 585; 1259;Castilla y León; 31,724512; 5588; 41785,71429
CT;2020-03-31;19991;13969;1769;1849; 5701;Cataluña; 24,490066;14290;132071,42857
CE;2020-03-31;   51;    6;   3;   1;    0;Ceuta;100,000000;   51;    71,42857
VC;2020-03-31; 5922; 3253; 434; 395;  240;Valencia; 62,204724; 5682; 28214,28571
EX;2020-03-31; 1679;  372;  58; 152;  113;Extremadura; 57,358491; 1566; 10857,14286
GA;2020-03-31; 4432; 1338; 158; 103;  259;Galicia; 28,453039; 4173;  7357,14286
MD;2020-03-31;29840;15227;1514;3865;10827;Madrid; 26,306834;19013;276071,42857
MC;2020-03-31; 1041;  304;  59;  37;   43;Murcia; 46,250000;  998;  2642,85714
NC;2020-03-31; 2497; 1120; 104; 130;  236;Navarra; 35,519126; 2261;  9285,71429
PV;2020-03-31; 6838; 3806; 324; 369; 2165;País Vasco; 14,561957; 4673; 26357,14286
RI;2020-03-31; 1960;  619;  54;  90;  569;La Rioja; 13,657056; 1391;  6428,57143
AN;2020-04-01; 6972; 3444; 280; 343;  228;Andalucia; 60,070053; 6744; 24500,00000
AR;2020-04-01; 2700; 1320; 178; 200;  320;Aragón; 38,461538; 2380; 14285,71429
AS;2020-04-01; 1384;  640;  79;  69;  135;Asturias; 33,823529; 1249;  4928,57143
IB;2020-04-01; 1204;  517; 105;  58;  239;Islas Baleares; 19,528620;  965;  4142,85714
CN;2020-04-01; 1444;  566; 113;  68;   94;Canarias; 41,975309; 1350;  4857,14286
CB;2020-04-01; 1268;  567;  57;  60;   60;Cantabria; 50,000000; 1208;  4285,71429
CM;2020-04-01; 7682; 3230; 355; 854;  494;Castilla la Mancha; 63,353116; 7188; 61000,00000
CL;2020-04-01; 7355; 4207; 353; 641; 1498;Castilla y León; 29,967274; 5857; 45785,71429
CT;2020-04-01;21804;15489;1855;2093; 6917;Cataluña; 23,229745;14887;149500,00000
CE;2020-04-01;   55;    7;   3;   1;    0;Ceuta;100,000000;   55;    71,42857
VC;2020-04-01; 6308; 3389; 449; 443;  432;Valencia; 50,628571; 5876; 31642,85714
EX;2020-04-01; 1837;  412;  62; 181;  139;Extremadura; 56,562500; 1698; 12928,57143
GA;2020-04-01; 4842; 1447; 165; 120;  333;Galicia; 26,490066; 4509;  8571,42857
MD;2020-04-01;32155;15227;1528;4175;12400;Madrid; 25,188537;19755;298214,28571
MC;2020-04-01; 1084;  389;  68;  42;   45;Murcia; 48,275862; 1039;  3000,00000
NC;2020-04-01; 2682; 1181; 108; 141;  278;Navarra; 33,651551; 2404; 10071,42857
PV;2020-04-01; 7317; 4087; 344; 412; 2490;País Vasco; 14,197105; 4827; 29428,57143
RI;2020-04-01; 2083;  660;  57; 101;  641;La Rioja; 13,611860; 1442;  7214,28571
AN;2020-04-02; 7374; 3673; 338; 376;  258;Andalucia; 59,305994; 7116; 26857,14286
AR;2020-04-02; 2889; 1431; 180; 224;  378;Aragón; 37,209302; 2511; 16000,00000
AS;2020-04-02; 1433;  702;  86;  70;  154;Asturias; 31,250000; 1279;  5000,00000
IB;2020-04-02; 1257;  587; 112;  69;  375;Islas Baleares; 15,540541;  882;  4928,57143
CN;2020-04-02; 1490;  605; 120;  73;  102;Canarias; 41,714286; 1388;  5214,28571
CB;2020-04-02; 1321;  592;  59;  64;   74;Cantabria; 46,376812; 1247;  4571,42857
CM;2020-04-02; 8523; 3168; 355; 916;  579;Castilla la Mancha; 61,270903; 7944; 65428,57143
CL;2020-04-02; 7875; 4472; 355; 723; 1759;Castilla y León; 29,129734; 6116; 51642,85714
CT;2020-04-02;23460;17257;2053;2335; 7849;Cataluña; 22,928123;15611;166785,71429
CE;2020-04-02;   62;    8;   3;   1;    2;Ceuta; 33,333333;   60;    71,42857
VC;2020-04-02; 6624; 3492; 460; 511;  592;Valencia; 46,328196; 6032; 36500,00000
EX;2020-04-02; 1893;  415;  64; 200;  164;Extremadura; 54,945055; 1729; 14285,71429
GA;2020-04-02; 5219; 1630; 178; 138;  435;Galicia; 24,083770; 4784;  9857,14286
MD;2020-04-02;34188;15050;1506;4483;13850;Madrid; 24,453172;20338;320214,28571
MC;2020-04-02; 1145;  405;  72;  46;   90;Murcia; 33,823529; 1055;  3285,71429
NC;2020-04-02; 2836; 1284; 119; 151;  294;Navarra; 33,932584; 2542; 10785,71429
PV;2020-04-02; 7827; 4283; 363; 444; 2809;País Vasco; 13,648939; 5018; 31714,28571
RI;2020-04-02; 2224;  738;  64; 109;  745;La Rioja; 12,763466; 1479;  7785,71429
AN;2020-04-03; 7869; 3896; 364; 426;  463;Andalucia; 47,919010; 7406; 30428,57143
AR;2020-04-03; 3078; 1505; 190; 251;  440;Aragón; 36,324168; 2638; 17928,57143
AS;2020-04-03; 1522;  766;  87;  76;  190;Asturias; 28,571429; 1332;  5428,57143
IB;2020-04-03; 1271;  634; 114;  71;  422;Islas Baleares; 14,401623;  849;  5071,42857
CN;2020-04-03; 1564;  632; 128;  78;  123;Canarias; 38,805970; 1441;  5571,42857
CB;2020-04-03; 1384;  619;  60;  68;   99;Cantabria; 40,718563; 1285;  4857,14286
CM;2020-04-03; 9324; 3133; 360; 989;  657;Castilla la Mancha; 60,085055; 8667; 70642,85714
CL;2020-04-03; 8332; 4685; 348; 786; 2021;Castilla y León; 28,001425; 6311; 56142,85714
CT;2020-04-03;24734;17678;2108;2508; 8635;Cataluña; 22,507404;16099;179142,85714
CE;2020-04-03;   73;    8;   4;   1;    2;Ceuta; 33,333333;   71;    71,42857
VC;2020-04-03; 6901; 3560; 470; 571;  695;Valencia; 45,102686; 6206; 40785,71429
EX;2020-04-03; 1979;  453;  64; 208;  205;Extremadura; 50,363196; 1774; 14857,14286
GA;2020-04-03; 5625; 1767; 178; 159;  531;Galicia; 23,043478; 5094; 11357,14286
MD;2020-04-03;36249;14741;1498;4723;15362;Madrid; 23,515061;20887;337357,14286
MC;2020-04-03; 1188;  434;  79;  51;  113;Murcia; 31,097561; 1075;  3642,85714
NC;2020-04-03; 2972; 1341; 120; 171;  311;Navarra; 35,477178; 2661; 12214,28571
PV;2020-04-03; 8187; 4522; 377; 477; 3098;País Vasco; 13,342657; 5089; 34071,42857
RI;2020-04-03; 2405;  805;  64; 128;  843;La Rioja; 13,182286; 1562;  9142,85714
AN;2020-04-04; 8301; 4107; 474; 470;  665;Andalucia; 41,409692; 7636; 33571,42857
AR;2020-04-04; 3232; 1588; 233; 270;  537;Aragón; 33,457249; 2695; 19285,71429
AS;2020-04-04; 1605;  808;  90;  80;  216;Asturias; 27,027027; 1389;  5714,28571
IB;2020-04-04; 1293;  664; 120;  75;  461;Islas Baleares; 13,992537;  832;  5357,14286
CN;2020-04-04; 1622;  644; 129;  80;  137;Canarias; 36,866359; 1485;  5714,28571
CB;2020-04-04; 1441;  639;  62;  68;  113;Cantabria; 37,569061; 1328;  4857,14286
CM;2020-04-04;10031; 2950; 357;1055; 1149;Castilla la Mancha; 47,867514; 8882; 75357,14286
CL;2020-04-04; 8749; 4905; 351; 847; 2331;Castilla y León; 26,651982; 6418; 60500,00000
CT;2020-04-04;26032;18656;2249;2637; 9528;Cataluña; 21,676942;16504;188357,14286
CE;2020-04-04;   83;    9;   4;   2;    2;Ceuta; 50,000000;   81;   142,85714
VC;2020-04-04; 7184; 3620; 478; 613;  812;Valencia; 43,017544; 6372; 43785,71429
EX;2020-04-04; 2047;  417;  66; 218;  215;Extremadura; 50,346420; 1832; 15571,42857
GA;2020-04-04; 5944; 1831; 170; 174;  587;Galicia; 22,864652; 5357; 12428,57143
MD;2020-04-04;37584;14551;1499;4941;16543;Madrid; 22,998511;21041;352928,57143
MC;2020-04-04; 1235;  447;  80;  59;  130;Murcia; 31,216931; 1105;  4214,28571
NC;2020-04-04; 3073; 1399; 123; 178;  334;Navarra; 34,765625; 2739; 12714,28571
PV;2020-04-04; 8628; 4666; 404; 515; 3405;País Vasco; 13,137755; 5223; 36785,71429
RI;2020-04-04; 2592;  855;  66; 134;  904;La Rioja; 12,909441; 1688;  9571,42857
AN;2020-04-05; 8581; 4227; 489; 491;  798;Andalucia; 38,091544; 7783; 35071,42857
AR;2020-04-05; 3347; 1637; 237; 284;  565;Aragón; 33,451119; 2782; 20285,71429
AS;2020-04-05; 1646;  846;  90;  86;  222;Asturias; 27,922078; 1424;  6142,85714
IB;2020-04-05; 1320;  683; 121;  81;  531;Islas Baleares; 13,235294;  789;  5785,71429
CN;2020-04-05; 1649;  651; 133;  85;  157;Canarias; 35,123967; 1492;  6071,42857
CB;2020-04-05; 1483;  658;  65;  77;  118;Cantabria; 39,487179; 1365;  5500,00000
CM;2020-04-05;10602; 2901; 354;1132; 1259;Castilla la Mancha; 47,344207; 9343; 80857,14286
CL;2020-04-05; 9116; 5041; 348; 919; 2533;Castilla y León; 26,622248; 6583; 65642,85714
CT;2020-04-05;26824;19143;2276;2760;10088;Cataluña; 21,481943;16736;197142,85714
CE;2020-04-05;   83;    9;   4;   3;    2;Ceuta; 60,000000;   81;   214,28571
VC;2020-04-05; 7334; 3668; 487; 637;  930;Valencia; 40,650925; 6404; 45500,00000
EX;2020-04-05; 2068;  453;  66; 228;  223;Extremadura; 50,554324; 1845; 16285,71429
GA;2020-04-05; 6151; 1916; 170; 190;  610;Galicia; 23,750000; 5541; 13571,42857
MD;2020-04-05;38723;14501;1510;5136;17322;Madrid; 22,869356;21401;366857,14286
MC;2020-04-05; 1259;  468;  81;  68;  156;Murcia; 30,357143; 1103;  4857,14286
NC;2020-04-05; 3231; 1432; 124; 187;  380;Navarra; 32,980600; 2851; 13357,14286
PV;2020-04-05; 8810; 4794; 410; 548; 3568;País Vasco; 13,313897; 5242; 39142,85714
RI;2020-04-05; 2719;  888;  66; 141;  964;La Rioja; 12,760181; 1755; 10071,42857
AN;2020-04-06; 8767; 4335; 499; 528;  900;Andalucia; 36,974790; 7867; 37714,28571
AR;2020-04-06; 3449; 1663; 247; 312;  578;Aragón; 35,056180; 2871; 22285,71429
AS;2020-04-06; 1679;  889;  91;  96;  244;Asturias; 28,235294; 1435;  6857,14286
IB;2020-04-06; 1369;  705; 124;  84;  537;Islas Baleares; 13,526570;  832;  6000,00000
CN;2020-04-06; 1725;  689; 137;  89;  186;Canarias; 32,363636; 1539;  6357,14286
CB;2020-04-06; 1501;  677;  66;  85;  129;Cantabria; 39,719626; 1372;  6071,42857
CM;2020-04-06;11077; 2908; 360;1177; 1353;Castilla la Mancha; 46,521739; 9724; 84071,42857
CL;2020-04-06; 9581; 5180; 346; 982; 2711;Castilla y León; 26,590848; 6870; 70142,85714
CT;2020-04-06;28323;19745;2391;2908;10738;Cataluña; 21,310274;17585;207714,28571
CE;2020-04-06;   83;    9;   4;   4;    2;Ceuta; 66,666667;   81;   285,71429
VC;2020-04-06; 7443; 3698; 492; 672; 1103;Valencia; 37,859155; 6340; 48000,00000
EX;2020-04-06; 2116;  686;  70; 258;  282;Extremadura; 47,777778; 1834; 18428,57143
GA;2020-04-06; 6331; 1968; 162; 204;  688;Galicia; 22,869955; 5643; 14571,42857
MD;2020-04-06;40469;13950;1494;5371;18410;Madrid; 22,585257;22059;383642,85714
MC;2020-04-06; 1283;  500;  84;  78;  193;Murcia; 28,782288; 1090;  5571,42857
NC;2020-04-06; 3355; 1488; 124; 202;  421;Navarra; 32,423756; 2934; 14428,57143
PV;2020-04-06; 9021; 4856; 417; 586; 3728;País Vasco; 13,583681; 5293; 41857,14286
RI;2020-04-06; 2846;  918;  66; 160;  994;La Rioja; 13,864818; 1852; 11428,57143
AN;2020-04-07; 8997; 4463; 520; 605; 1041;Andalucia; 36,755772; 7956; 43214,28571
AR;2020-04-07; 3549; 1716; 255; 349;  659;Aragón; 34,623016; 2890; 24928,57143
AS;2020-04-07; 1705;  958;  91; 102;  294;Asturias; 25,757576; 1411;  7285,71429
IB;2020-04-07; 1412;  731; 129;  89;  616;Islas Baleares; 12,624113;  796;  6357,14286
CN;2020-04-07; 1762;  703; 138;  91;  249;Canarias; 26,764706; 1513;  6500,00000
CB;2020-04-07; 1572;  700;  69;  92;  175;Cantabria; 34,456929; 1397;  6571,42857
CM;2020-04-07;11788; 2731; 354;1255; 1557;Castilla la Mancha; 44,630156;10231; 89642,85714
CL;2020-04-07;10058; 5322; 342;1028; 2988;Castilla y León; 25,597610; 7070; 73428,57143
CT;2020-04-07;29647;20250;2442;3041;12250;Cataluña; 19,887516;17397;217214,28571
CE;2020-04-07;   84;    9;   4;   4;    7;Ceuta; 36,363636;   77;   285,71429
VC;2020-04-07; 7655; 3713; 496; 724; 1344;Valencia; 35,009671; 6311; 51714,28571
EX;2020-04-07; 2184;  898;  98; 271;  328;Extremadura; 45,242070; 1856; 19357,14286
GA;2020-04-07; 6538; 2014; 158; 213;  800;Galicia; 21,026654; 5738; 15214,28571
MD;2020-04-07;42450;13289;1450;5586;19836;Madrid; 21,973094;22614;399000,00000
MC;2020-04-07; 1326;  515;  86;  85;  203;Murcia; 29,513889; 1123;  6071,42857
NC;2020-04-07; 3467; 1526; 124; 206;  450;Navarra; 31,402439; 3017; 14714,28571
PV;2020-04-07; 9452; 4982; 430; 635; 4151;País Vasco; 13,267865; 5301; 45357,14286
RI;2020-04-07; 2951;  955;  68; 177; 1061;La Rioja; 14,297254; 1890; 12642,85714
AN;2020-04-08; 9261; 4599; 538; 652; 1193;Andalucia; 35,338753; 8068; 46571,42857
AR;2020-04-08; 3685; 1765; 261; 385;  718;Aragón; 34,904805; 2967; 27500,00000
AS;2020-04-08; 1737; 1018;  94; 110;  340;Asturias; 24,444444; 1397;  7857,14286
IB;2020-04-08; 1448;  751; 132;  89;  696;Islas Baleares; 11,337580;  752;  6357,14286
CN;2020-04-08; 1834;  730; 140;  92;  359;Canarias; 20,399113; 1475;  6571,42857
CB;2020-04-08; 1619;  720;  71;  98;  214;Cantabria; 31,410256; 1405;  7000,00000
CM;2020-04-08;12489; 2575; 342;1322; 1766;Castilla la Mancha; 42,810881;10723; 94428,57143
CL;2020-04-08;10518; 5523; 338;1082; 3242;Castilla y León; 25,023127; 7276; 77285,71429
CT;2020-04-08;31043;20943;2507;3148;13063;Cataluña; 19,418913;17980;224857,14286
CE;2020-04-08;   84;    9;   4;   4;    7;Ceuta; 36,363636;   77;   285,71429
VC;2020-04-08; 7964; 3815; 541; 767; 1772;Valencia; 30,208744; 6192; 54785,71429
EX;2020-04-08; 2273;  958;  99; 283;  381;Extremadura; 42,620482; 1892; 20214,28571
GA;2020-04-08; 6758; 2094; 155; 231;  910;Galicia; 20,245399; 5848; 16500,00000
MD;2020-04-08;43877;12853;1433;5800;21121;Madrid; 21,544519;22756;414285,71429
MC;2020-04-08; 1356;  533;  87;  88;  219;Murcia; 28,664495; 1137;  6285,71429
NC;2020-04-08; 3575; 1526; 124; 214;  462;Navarra; 31,656805; 3113; 15285,71429
PV;2020-04-08; 9806; 5130; 433; 689; 4514;País Vasco; 13,242360; 5292; 49214,28571
RI;2020-04-08; 3026;  997;  69; 182; 1172;La Rioja; 13,441654; 1854; 13000,00000
AN;2020-04-09; 9510; 4715; 582; 691; 1437;Andalucia; 32,471805; 8073; 49357,14286
AR;2020-04-09; 3831; 1822; 263; 409;  797;Aragón; 33,913765; 3034; 29214,28571
AS;2020-04-09; 1799; 1083; 100; 121;  372;Asturias; 24,543611; 1427;  8642,85714
IB;2020-04-09; 1488;  777; 136;  97;  737;Islas Baleares; 11,630695;  751;  6928,57143
CN;2020-04-09; 1858;  738; 141;  94;  386;Canarias; 19,583333; 1472;  6714,28571
CB;2020-04-09; 1659;  747;  73; 102;  265;Cantabria; 27,792916; 1394;  7285,71429
CM;2020-04-09;13063; 2359; 329;1431; 1982;Castilla la Mancha; 41,927923;11081;102214,28571
CL;2020-04-09;11102; 5674; 332;1129; 3506;Castilla y León; 24,358145; 7596; 80642,85714
CT;2020-04-09;31824;21530;2582;3231;13513;Cataluña; 19,296464;18311;230785,71429
CE;2020-04-09;   91;    9;   4;   4;   12;Ceuta; 25,000000;   79;   285,71429
VC;2020-04-09; 8331; 3987; 561; 796; 2085;Valencia; 27,629295; 6246; 56857,14286
EX;2020-04-09; 2332; 1003; 101; 288;  397;Extremadura; 42,043796; 1935; 20571,42857
GA;2020-04-09; 6946; 2165; 151; 243;  997;Galicia; 19,596774; 5949; 17357,14286
MD;2020-04-09;44783;12432;1399;5972;22414;Madrid; 21,038540;22369;426571,42857
MC;2020-04-09; 1383;  533;  88;  90;  255;Murcia; 26,086957; 1128;  6428,57143
NC;2020-04-09; 3748; 1620; 124; 218;  560;Navarra; 28,020566; 3188; 15571,42857
PV;2020-04-09;10103; 5290; 442; 729; 4680;País Vasco; 13,477537; 5423; 52071,42857
RI;2020-04-09; 3076; 1047;  71; 196; 1256;La Rioja; 13,498623; 1820; 14000,00000
AN;2020-04-10; 9712; 4808; 602; 737; 1630;Andalucia; 31,136460; 8082; 52642,85714
AR;2020-04-10; 3969; 1860; 266; 425;  888;Aragón; 32,368621; 3081; 30357,14286
AS;2020-04-10; 1827; 1147; 105; 128;  414;Asturias; 23,616236; 1413;  9142,85714
IB;2020-04-10; 1507;  778; 137; 102;  757;Islas Baleares; 11,874272;  750;  7285,71429
CN;2020-04-10; 1887;  745; 144;  95;  432;Canarias; 18,026565; 1455;  6785,71429
CB;2020-04-10; 1719;  773;  75; 107;  281;Cantabria; 27,577320; 1438;  7642,85714
CM;2020-04-10;13456; 2198; 316;1483; 2205;Castilla la Mancha; 40,211497;11251;105928,57143
CL;2020-04-10;11543; 5817; 327;1180; 3757;Castilla y León; 23,901155; 7786; 84285,71429
CT;2020-04-10;32984;21921;2629;3331;14258;Cataluña; 18,937973;18726;237928,57143
CE;2020-04-10;   93;    9;   4;   4;   17;Ceuta; 19,047619;   76;   285,71429
VC;2020-04-10; 8578; 4132; 565; 818; 2289;Valencia; 26,327647; 6289; 58428,57143
EX;2020-04-10; 2486; 1052; 104; 303;  462;Extremadura; 39,607843; 2024; 21642,85714
GA;2020-04-10; 7176; 2215; 144; 261; 1082;Galicia; 19,434103; 6094; 18642,85714
MD;2020-04-10;45849;11894;1376;6084;23663;Madrid; 20,452483;22186;434571,42857
MC;2020-04-10; 1413;  533;  88;  94;  275;Murcia; 25,474255; 1138;  6714,28571
NC;2020-04-10; 3817; 1641; 124; 227;  603;Navarra; 27,349398; 3214; 16214,28571
PV;2020-04-10;10515; 5402; 453; 765; 4741;País Vasco; 13,893934; 5774; 54642,85714
RI;2020-04-10; 3223; 1082;  73; 207; 1337;La Rioja; 13,406736; 1886; 14785,71429
AN;2020-04-11;10006; 4950; 619; 799; 1838;Andalucia; 30,299583; 8168; 57071,42857
AR;2020-04-11; 4070; 1901; 272; 450;  934;Aragón; 32,514451; 3136; 32142,85714
AS;2020-04-11; 1892; 1208; 106; 140;  430;Asturias; 24,561404; 1462; 10000,00000
IB;2020-04-11; 1534;  805; 142; 112;  848;Islas Baleares; 11,666667;  686;  8000,00000
CN;2020-04-11; 1918;  758; 144;  95;  447;Canarias; 17,527675; 1471;  6785,71429
CB;2020-04-11; 1752;  805;  75; 110;  297;Cantabria; 27,027027; 1455;  7857,14286
CM;2020-04-11;13698; 6838; 316;1543; 2365;Castilla la Mancha; 39,483112;11333;110214,28571
CL;2020-04-11;12118; 5957; 323;1221; 4010;Castilla y León; 23,341617; 8108; 87214,28571
CT;2020-04-11;34027;22369;2658;3442;14975;Cataluña; 18,689254;19052;245857,14286
CE;2020-04-11;   93;    9;   4;   4;   17;Ceuta; 19,047619;   76;   285,71429
VC;2020-04-11; 8841; 4149; 567; 838; 2624;Valencia; 24,205661; 6217; 59857,14286
EX;2020-04-11; 2580; 1074; 106; 312;  481;Extremadura; 39,344262; 2099; 22285,71429
GA;2020-04-11; 7336; 2306; 140; 274; 1143;Galicia; 19,336627; 6193; 19571,42857
MD;2020-04-11;46587;11424;1332;6278;24683;Madrid; 20,277123;21904;448428,57143
MC;2020-04-11; 1449;  537;  91;  97;  344;Murcia; 21,995465; 1105;  6928,57143
NC;2020-04-11; 3969; 1663; 124; 232;  650;Navarra; 26,303855; 3319; 16571,42857
PV;2020-04-11;10772; 5547; 459; 804; 4867;País Vasco; 14,177394; 5905; 57428,57143
RI;2020-04-11; 3279; 1122;  73; 219; 1420;La Rioja; 13,361806; 1859; 15642,85714
AN;2020-04-12;10187; 4993; 621; 815; 1967;Andalucia; 29,295471; 8220; 58214,28571
AR;2020-04-12; 4187; 1938; 274; 464;  946;Aragón; 32,907801; 3241; 33142,85714
AS;2020-04-12; 1958; 1265; 110; 149;  434;Asturias; 25,557461; 1524; 10642,85714
IB;2020-04-12; 1550;  811; 143; 117;  862;Islas Baleares; 11,950970;  688;  8357,14286
CN;2020-04-12; 1944;  763; 145;  96;  458;Canarias; 17,328520; 1486;  6857,14286
CB;2020-04-12; 1777;  827;  75; 117;  317;Cantabria; 26,958525; 1460;  8357,14286
CM;2020-04-12;14054; 7782; 475;1626; 2532;Castilla la Mancha; 39,105339;11522;116142,85714
CL;2020-04-12;12628; 6077; 312;1263; 4154;Castilla y León; 23,315488; 8474; 90214,28571
CT;2020-04-12;34726;22780;2713;3538;15602;Cataluña; 18,484848;19124;252714,28571
CE;2020-04-12;   95;    9;   4;   4;   20;Ceuta; 16,666667;   75;   285,71429
VC;2020-04-12; 9060; 4269; 576; 876; 2803;Valencia; 23,810818; 6257; 62571,42857
EX;2020-04-12; 2658; 1096; 108; 321;  511;Extremadura; 38,581731; 2147; 22928,57143
GA;2020-04-12; 7494; 2344; 136; 284; 1186;Galicia; 19,319728; 6308; 20285,71429
MD;2020-04-12;47146;11233;1327;6423;25385;Madrid; 20,193033;21761;458785,71429
MC;2020-04-12; 1463;  543;  94; 101;  353;Murcia; 22,246696; 1110;  7214,28571
NC;2020-04-12; 4092; 1693; 124; 239;  695;Navarra; 25,588865; 3397; 17071,42857
PV;2020-04-12;11018; 5622; 464; 831; 5026;País Vasco; 14,188151; 5992; 59357,14286
RI;2020-04-12; 3358; 1141;  73; 223; 1458;La Rioja; 13,265913; 1900; 15928,57143
AN;2020-04-13;10306; 5054; 631; 836; 2032;Andalucia; 29,149233; 8274; 59714,28571
AR;2020-04-13; 4245; 1966; 280; 492;  963;Aragón; 33,814433; 3282; 35142,85714
AS;2020-04-13; 2051; 1330; 111; 156;  458;Asturias; 25,407166; 1593; 11142,85714
IB;2020-04-13; 1571;  826; 145; 118;  871;Islas Baleares; 11,931244;  700;  8428,57143
CN;2020-04-13; 1958;  771; 147; 102;  589;Canarias; 14,761216; 1369;  7285,71429
CB;2020-04-13; 1796;  853;  76; 120;  323;Cantabria; 27,088036; 1473;  8571,42857
CM;2020-04-13;14329; 7830; 486;1714; 2943;Castilla la Mancha; 36,804810;11386;122428,57143
CL;2020-04-13;13180; 6175; 308;1299; 4266;Castilla y León; 23,342318; 8914; 92785,71429
CT;2020-04-13;35197;23126;2775;3666;15967;Cataluña; 18,672643;19230;261857,14286
CE;2020-04-13;   96;    9;   4;   4;   22;Ceuta; 15,384615;   74;   285,71429
VC;2020-04-13; 9213; 4397; 581; 907; 3069;Valencia; 22,811871; 6144; 64785,71429
EX;2020-04-13; 2684; 1114; 108; 334;  578;Extremadura; 36,622807; 2106; 23857,14286
GA;2020-04-13; 7597; 2403; 133; 290; 1240;Galicia; 18,954248; 6357; 20714,28571
MD;2020-04-13;48048;10753;1299;6568;26247;Madrid; 20,015237;21801;469142,85714
MC;2020-04-13; 1487;  566;  96; 106;  476;Murcia; 18,213058; 1011;  7571,42857
NC;2020-04-13; 4150; 1705; 124; 249;  730;Navarra; 25,434116; 3420; 17785,71429
PV;2020-04-13;11226; 5679; 470; 859; 5193;País Vasco; 14,193655; 6033; 61357,14286
RI;2020-04-13; 3420; 1152;  74; 234; 1519;La Rioja; 13,348545; 1901; 16714,28571
AN;2020-04-14;10595; 5147; 665; 865; 2224;Andalucia; 28,002590; 8371; 61785,71429
AR;2020-04-14; 4338; 2006; 282; 514; 1012;Aragón; 33,682831; 3326; 36714,28571
AS;2020-04-14; 2096; 1387; 114; 166;  487;Asturias; 25,421133; 1609; 11857,14286
IB;2020-04-14; 1606;  857; 149; 125;  881;Islas Baleares; 12,425447;  725;  8928,57143
CN;2020-04-14; 1975;  781; 152; 104;  622;Canarias; 14,325069; 1353;  7428,57143
CB;2020-04-14; 1823;  873;  76; 132;  363;Cantabria; 26,666667; 1460;  9428,57143
CM;2020-04-14;14680; 7896; 495;1755; 2998;Castilla la Mancha; 36,924048;11682;125357,14286
CL;2020-04-14;13697; 6306; 306;1337; 4521;Castilla y León; 22,823489; 9176; 95500,00000
CT;2020-04-14;36505;23372;2789;3756;16651;Cataluña; 18,405449;19854;268285,71429
CE;2020-04-14;   98;    9;   4;   4;   30;Ceuta; 11,764706;   68;   285,71429
VC;2020-04-14; 9424; 4465; 588; 945; 3360;Valencia; 21,951220; 6064; 67500,00000
EX;2020-04-14; 2762; 1155; 109; 342;  615;Extremadura; 35,736677; 2147; 24428,57143
GA;2020-04-14; 7708; 2471; 128; 299; 1298;Galicia; 18,722605; 6410; 21357,14286
MD;2020-04-14;49526;10116;1244;6724;27433;Madrid; 19,685570;22093;480285,71429
MC;2020-04-14; 1520;  574;  97; 109;  513;Murcia; 17,524116; 1007;  7785,71429
NC;2020-04-14; 4246; 1731; 124; 252;  808;Navarra; 23,773585; 3438; 18000,00000
PV;2020-04-14;11475; 5750; 471; 902; 5428;País Vasco; 14,249605; 6047; 64428,57143
RI;2020-04-14; 3457; 1182;  75; 246; 1585;La Rioja; 13,435281; 1872; 17571,42857
AN;2020-04-15;10807; 5226; 671; 912; 2634;Andalucia; 25,719120; 8173; 65142,85714
AR;2020-04-15; 4566; 2108; 291; 543; 1087;Aragón; 33,312883; 3479; 38785,71429
AS;2020-04-15; 2170; 1432; 116; 168;  522;Asturias; 24,347826; 1648; 12000,00000
IB;2020-04-15; 1637;  872; 152; 131;  918;Islas Baleares; 12,488084;  719;  9357,14286
CN;2020-04-15; 1988;  802; 156; 107;  673;Canarias; 13,717949; 1315;  7642,85714
CB;2020-04-15; 1845;  890;  77; 137;  442;Cantabria; 23,661485; 1403;  9785,71429
CM;2020-04-15;15151; 7987; 503;1796; 3378;Castilla la Mancha; 34,712022;11773;128285,71429
CL;2020-04-15;14380; 6449; 307;1372; 4725;Castilla y León; 22,502870; 9655; 98000,00000
CT;2020-04-15;37354;23680;2798;3855;17297;Cataluña; 18,225227;20057;275357,14286
CE;2020-04-15;  100;    9;   4;   4;   41;Ceuta;  8,888889;   59;   285,71429
VC;2020-04-15; 9615; 4524; 625; 972; 3702;Valencia; 20,795892; 5913; 69428,57143
EX;2020-04-15; 2881; 1186; 110; 359;  649;Extremadura; 35,615079; 2232; 25642,85714
GA;2020-04-15; 7873; 2494; 123; 310; 1383;Galicia; 18,310691; 6490; 22142,85714
MD;2020-04-15;50694; 9653;1206;6877;28491;Madrid; 19,444130;22203;491214,28571
MC;2020-04-15; 1598;  575;  97; 111;  516;Murcia; 17,703349; 1082;  7928,57143
NC;2020-04-15; 4348; 1752; 124; 261;  845;Navarra; 23,598553; 3503; 18642,85714
PV;2020-04-15;11790; 5863; 478; 956; 5813;País Vasco; 14,123209; 5977; 68285,71429
RI;2020-04-15; 3916; 1207;  75; 257; 1654;La Rioja; 13,448456; 2262; 18357,14286
